gc_orgID,harmonized_name,nom_harmonisé,legal_title,appellation_légale,preferred_name,nom_préféré,lead_department,ministère_responsable,abbreviation,abreviation,FAA_LGFP,status_statut
2222,Agriculture and Agri-Food Canada,,Department of Agriculture and Agri-Food,,Agriculture and Agri-Food Canada,,Agriculture and Agri-Food Canada,,AAFC,AAC,1,a
2223,Canadian Heritage,,Department of Canadian Heritage,,Canadian Heritage,,Canadian Heritage,,PCH,PCH,1,a
2224,"Immigration, Refugees and Citizenship Canada",,Department of Citizenship and Immigration,,"Immigration, Refugees and Citizenship Canada",,"Immigration, Refugees and Citizenship Canada",,IRCC,IRCC,1,a
2225,Department of Finance Canada,,Department of Finance,,Department of Finance Canada,,Department of Finance Canada,,FIN,FIN,1,a
2226,Fisheries and Oceans Canada,,Department of Fisheries and Oceans,,Fisheries and Oceans Canada,,Fisheries and Oceans Canada,,DFO,MPO,1,a
2227,Global Affairs Canada,,"Department of Foreign Affairs, Trade and Development",,Global Affairs Canada,,Global Affairs Canada,,GAC,AMC,1,a
2228,Health Canada,,Department of Health,,Health Canada,,Health Canada,,HC,SC,1,a
2229,Employment and Social Development Canada,,Department of Employment and Social Development,,Employment and Social Development Canada,,Employment and Social Development Canada,,ESDC,EDSC,1,a
2230,Crown-Indigenous Relations and Northern Affairs Canada,,Department of Crown-Indigenous Relations and Northern Affairs,,Crown-Indigenous Relations and Northern Affairs Canada,,Crown-Indigenous Relations and Northern Affairs Canada,,CIRNAC,RCAANC,1,a
2231,"Innovation, Science and Economic Development Canada",,Department of Industry,,"Innovation, Science and Economic Development Canada",,"Innovation, Science and Economic Development Canada",,ISED,ISDE,1,a
2232,Department of Justice Canada,,Department of Justice,,Department of Justice Canada,,Department of Justice Canada,,JUS,JUS,1,a
2233,National Defence,,Department of National Defence,,National Defence,,National Defence,,DND,MDN,1,a
2234,Natural Resources Canada,,Department of Natural Resources,,Natural Resources Canada,,Natural Resources Canada,,NRCan,RNCan,1,a
2235,Public Safety Canada,,Department of Public Safety and Emergency Preparedness,,Public Safety Canada,,Public Safety Canada,,PS,SP,1,a
2236,Public Services and Procurement Canada,,Department of Public Works and Government Services,,Public Services and Procurement Canada,,Public Services and Procurement Canada,,PSPC,SPAC,1,a
2237,Environment and Climate Change Canada,,Department of the Environment,,Environment and Climate Change Canada,,Environment and Climate Change Canada,,ECCC,ECCC,1,a
2238,Transport Canada,,Department of Transport,,Transport Canada,,Transport Canada,,TC,TC,1,a
2239,Veterans Affairs Canada,,Department of Veterans Affairs,,Veterans Affairs Canada,,Veterans Affairs Canada,,VAC,ACC,1,a
2240,Prairies Economic Development Canada,,Department of Western Economic Diversification,,Prairies Economic Development Canada,,,,PrairiesCan,PrairiesCan,1,a
2241,Women and Gender Equality Canada,,Department for Women and Gender Equality,,Women and Gender Equality Canada,,Women and Gender Equality Canada,,WAGE,FEGC,1,a
2242,Treasury Board of Canada Secretariat,,Treasury Board Secretariat,,Treasury Board of Canada Secretariat,,Treasury Board of Canada Secretariat,,TBS,SCT,,a
2243,Indigenous Services Canada,,Department of Indigenous Services,,Indigenous Services Canada,,Indigenous Services Canada,,ISC,SAC,1,a
2244,Atlantic Canada Opportunities Agency,,Atlantic Canada Opportunities Agency,,,,,,ACOA,APECA,1.1,a
2245,Impact Assessment Agency of Canada,,Impact Assessment Agency of Canada,,Impact Assessment Agency of Canada,,Environment and Climate Change Canada,,IAAC,AEIC,1.1,a
2246,Canadian Grain Commission,,Canadian Grain Commission,,,,Agriculture and Agri-Food Canada,,CGC,CCG,1.1,a
2247,Canadian Human Rights Commission,,Canadian Human Rights Commission,,,,Department of Justice Canada,,CHRC,CCDP,1.1,a
2248,Canadian Intergovernmental Conference Secretariat,,Canadian Intergovernmental Conference Secretariat,,,,Privy Council Office,,CICS,SCIC,1.1,a
2249,Canadian Northern Economic Development Agency,,Canadian Northern Economic Development Agency,,Canadian Northern Economic Development Agency,,,,CanNor,CanNor,1.1,a
2250,Canadian Security Intelligence Service,,Canadian Security Intelligence Service,,Canadian Security Intelligence Service,,Public Safety Canada,,CSIS,SCRS,1.1,a
2251,Canadian Space Agency,,Canadian Space Agency,,Canadian Space Agency,,"Innovation, Science and Economic Development Canada",,CSA,ASC,1.1,a
2252,Canadian Transportation Agency,,Canadian Transportation Agency,,Canadian Transportation Agency,,Transport Canada,,CTA,OTC,1.1,a
2253,Communications Security Establishment Canada,,Communications Security Establishment,,Communications Security Establishment Canada,,National Defence,,CSE,CST,1.1,a
2254,Copyright Board Canada,,Copyright Board,,Copyright Board Canada,,"Innovation, Science and Economic Development Canada",,CB,CDA,1.1,a
2255,Correctional Service Canada,,Correctional Service of Canada,,Correctional Service Canada,,Public Safety Canada,,CSC,SCC,1.1,a
2256,Courts Administration Service,,Courts Administration Service,,Courts Administration Service,,Department of Justice Canada,,CAS,SATJ,1.1,a
2257,Canada Economic Development for Quebec Regions,,Economic Development Agency of Canada for the Regions of Quebec,,Canada Economic Development for Quebec Regions,,,,CED,DEC,1.1,a
2258,Federal Economic Development Agency for Southern Ontario,,Federal Economic Development Agency for Southern Ontario,,Federal Economic Development Agency for Southern Ontario,,,,FedDev Ontario,FedDev Ontario,1.1,a
2259,Financial Consumer Agency of Canada,,Financial Consumer Agency of Canada,,Financial Consumer Agency of Canada,,Department of Finance Canada,,FCAC,ACFC,1.1,a
2260,Financial Transactions and Reports Analysis Centre of Canada,,Financial Transactions and Reports Analysis Centre of Canada,,Financial Transactions and Reports Analysis Centre of Canada,,Department of Finance Canada,,FINTRAC,CANAFE,1.1,a
2261,Immigration and Refugee Board of Canada,,Immigration and Refugee Board,,Immigration and Refugee Board of Canada,,"Immigration, Refugees and Citizenship Canada",,IRB,CISR,1.1,a
2262,Library and Archives Canada,,Library and Archives of Canada,,Library and Archives Canada,,Canadian Heritage,,LAC,BAC,1.1,a
2263,Military Grievances External Review Committee,,Military Grievances External Review Committee,,Military Grievances External Review Committee,,National Defence,,MGERC,CEEGM,1.1,a
2264,Military Police Complaints Commission of Canada,,Military Police Complaints Commission,,Military Police Complaints Commission of Canada,,National Defence,,MPCC,CPPM,1.1,a
2265,Farm Products Council of Canada,,National Farm Products Council,,Farm Products Council of Canada,,Agriculture and Agri-Food Canada,,FPCC,CPAC,1.1,a
2266,National Film Board,,National Film Board,,,,Canadian Heritage,,NFB,ONF,1.1,a
2267,Parole Board of Canada,,Parole Board of Canada,,Parole Board of Canada,,Public Safety Canada,,PBC,CLCC,1.1,a
2268,Northern Pipeline Agency Canada,,Northern Pipeline Agency,,Northern Pipeline Agency Canada,,Natural Resources Canada,,NPA,APN,1.1,a
2269,"Housing, Infrastructure and Communities Canada",,"Department of Housing, Infrastructure and Communities",,"Housing, Infrastructure and Communities Canada",,"Housing, Infrastructure and Communities Canada",,HICC,LICC,1,a
2270,Office of the Auditor General of Canada,,Office of the Auditor General,,Office of the Auditor General of Canada,,Department of Finance Canada,,OAG,BVG,1.1,a
2271,Elections Canada,,Office of the Chief Electoral Officer,,,,,,elections,elections,1.1,a
2272,Office of the Commissioner for Federal Judicial Affairs Canada,,Office of the Commissioner for Federal Judicial Affairs,,Office of the Commissioner for Federal Judicial Affairs Canada,,Department of Justice Canada,,FJA,CMF,1.1,a
2273,Office of the Commissioner of Lobbying of Canada,,Office of the Commissioner of Lobbying,,Office of the Commissioner of Lobbying of Canada,,Treasury Board of Canada Secretariat,,OCL,CAL,1.1,a
2274,Office of the Commissioner of Official Languages,,Office of the Commissioner of Official Languages,,,,Privy Council Office,,OCOL,CLO,1.1,a
2275,Office of the Intelligence Commissioner,,Office of the Intelligence Commissioner,,,,Privy Council Office,,,,1.1,a
2276,The Correctional Investigator Canada,,Office of the Correctional Investigator of Canada,,The Correctional Investigator Canada,,Public Safety Canada,,OCI,BEC,1.1,a
2277,Public Prosecution Service of Canada,,Office of the Director of Public Prosecutions,,Public Prosecution Service of Canada,,Department of Justice Canada,,PPSC,SPPC,1.1,a
2278,Office of the Secretary to the Governor General,,Office of the Governor General's Secretary,,Office of the Secretary to the Governor General,,Privy Council Office,,OSGG,BSGG,1.1,a
2279,Office of the Public Sector Integrity Commissioner of Canada,,Office of the Public Sector Integrity Commissioner,,Office of the Public Sector Integrity Commissioner of Canada,,Treasury Board of Canada Secretariat,,PSIC,ISPC,1.1,a
2280,Office of the Superintendent of Financial Institutions Canada,,Office of the Superintendent of Financial Institutions,,Office of the Superintendent of Financial Institutions Canada,,Department of Finance Canada,,OSFI,BSIF,1.1,a
2281,Office of the Information Commissioner of Canada,,Office of the Information Commissioner of Canada,,,,Department of Justice Canada,,,,,a
2282,Office of the Privacy Commissioner of Canada,,Office of the Privacy Commissioner of Canada,,,,Department of Justice Canada,,,,4,a
2283,Patented Medicine Prices Review Board Canada,,Patented Medicine Prices Review Board,,Patented Medicine Prices Review Board Canada,,Health Canada,,PMPRB,CEPMB,1.1,a
2284,Privy Council Office,,Privy Council Office,,Privy Council Office,,Privy Council Office,,PCO,BCP,1.1,a
2285,Public Health Agency of Canada,,Public Health Agency of Canada,,Public Health Agency of Canada,,Health Canada,,PHAC,ASPC,1.1,a
2286,Public Service Commission of Canada,,Public Service Commission,,Public Service Commission of Canada,,Privy Council Office,,PSC,CFP,1.1,a
2287,Registrar of the Supreme Court of Canada,,Registrar of the Supreme Court of Canada,,,,Department of Justice Canada,,,,1.1,a
2288,Royal Canadian Mounted Police,,Royal Canadian Mounted Police,,,,Public Safety Canada,,RCMP,GRC,1.1,a
2289,RCMP External Review Committee,,Royal Canadian Mounted Police External Review Committee,,RCMP External Review Committee,,Public Safety Canada,,ERC,CEE,1.1,a
2290,Civilian Review and Complaints Commission for the RCMP,,Civilian Review and Complaints Commission for the Royal Canadian Mounted Police,,Civilian Review and Complaints Commission for the RCMP,,Public Safety Canada,,CRCC,CCETP,1.1,a
2291,National Security and Intelligence Review Agency Secretariat,,National Security and Intelligence Review Agency Secretariat,,,,Privy Council Office,,,,1.1,a
2292,Shared Services Canada,,Shared Services Canada,,Shared Services Canada,,Public Services and Procurement Canada,,SSC,SPC,1.1,a
2293,Statistics Canada,,Statistics Canada,,Statistics Canada,,"Innovation, Science and Economic Development Canada",,StatCan,StatCan,1.1,a
2294,Veterans Review and Appeal Board,,Veterans Review and Appeal Board,,,,Veterans Affairs Canada,,VRAB,TACRA,1.1,a
2295,Secretariat of the National Security and Intelligence Committee of Parliamentarians,,Secretariat of the National Security and Intelligence Committee of Parliamentarians,,Secretariat of the National Security and Intelligence Committee of Parliamentarians,,Privy Council Office,,SNSICP,SCPSNR,1.1,a
2296,Leaders' Debates Commission,,Leaders' Debates Commission,,,,Privy Council Office,,,,1.1,a
2297,Administrative Tribunals Support Service of Canada,,Administrative Tribunals Support Service of Canada,,Administrative Tribunals Support Service of Canada,,Department of Justice Canada,,ATSSC,SCDATA,1.1,a
2298,Pacific Economic Development Canada,,Pacific Economic Development Agency of Canada,,Pacific Economic Development Canada,,,,PacifiCan,PacifiCan,1.1,a
2299,Federal Economic Development Agency for Northern Ontario,,Federal Economic Development Agency for Northern Ontario,,Federal Economic Development Agency for Northern Ontario,,,,FedNor,FedNor,1.1,a
2300,Canada Border Services Agency,,Canada Border Services Agency,,Canada Border Services Agency,,Public Safety Canada,,CBSA,ASFC,2,a
2301,Canada Emission Reduction Incentives Agency,,Canada Emission Reduction Incentives Agency,,,,Environment and Climate Change Canada,,,,2,a
2302,Canada Employment Insurance Commission,,Canada Employment Insurance Commission,,Canada Employment Insurance Commission,,Employment and Social Development Canada,,CEIC,CAEC,2,a
2303,Canada Revenue Agency,,Canada Revenue Agency,,,,Canada Revenue Agency,,CRA,ARC,2,a
2304,Canada School of Public Service,,Canada School of Public Service,,Canada School of Public Service,,Treasury Board of Canada Secretariat,,CSPS,EFPC,2,a
2305,Canadian Centre for Occupational Health and Safety,,Canadian Centre for Occupational Health and Safety,,,,Employment and Social Development Canada,,CCOHS,CCHST,2,a
2306,Canadian Food Inspection Agency,,Canadian Food Inspection Agency,,Canadian Food Inspection Agency,,Health Canada,,CFIA,ACIA,2,a
2307,Canadian Institutes of Health Research,,Canadian Institutes of Health Research,,,,Health Canada,,CIHR,IRSC,2,a
2308,Canadian Nuclear Safety Commission,,Canadian Nuclear Safety Commission,,Canadian Nuclear Safety Commission,,Natural Resources Canada,,CNSC,CCSN,2,a
2309,Transportation Safety Board of Canada,,Canadian Transportation Accident Investigation and Safety Board,,Transportation Safety Board of Canada,,Privy Council Office,,TSB,BST,2,a
2310,Law Commission of Canada,,Law Commission of Canada,,Law Commission of Canada,,Department of Justice Canada,,,,2,a
2311,The National Battlefields Commission,,The National Battlefields Commission,,The National Battlefields Commission,,Canadian Heritage,,NBC,CCBN,2,a
2312,Canada Energy Regulator,,Canadian Energy Regulator,,Canada Energy Regulator,,Natural Resources Canada,,CER,REC,2,a
2313,National Research Council Canada,,National Research Council of Canada,,National Research Council Canada,,"Innovation, Science and Economic Development Canada",,NRC,CNRC,2,a
2314,Natural Sciences and Engineering Research Council of Canada,,Natural Sciences and Engineering Research Council,,Natural Sciences and Engineering Research Council of Canada,,"Innovation, Science and Economic Development Canada",,NSERC,CRSNG,2,a
2315,Parks Canada,,Parks Canada Agency,,Parks Canada,,Environment and Climate Change Canada,,PC,PC,2,a
2316,Social Sciences and Humanities Research Council of Canada,,Social Sciences and Humanities Research Council,,Social Sciences and Humanities Research Council of Canada,,"Innovation, Science and Economic Development Canada",,SSHRC,CRSH,2,a
2317,Invest in Canada Hub,,Invest in Canada Hub,,,,Global Affairs Canada,,,,2,a
2318,Polar Knowledge Canada,,Canadian High Arctic Research Station,,Polar Knowledge Canada,,Crown-Indigenous Relations and Northern Affairs Canada,,POLAR,POLAIRE,2,a
2319,Accessibility Standards Canada,,Canadian Accessibility Standards Development Organization,,Accessibility Standards Canada,,,,ASC,NAC,2,a
2396,Canadian Radio-television and Telecommunications Commission,,Canadian Radio-television and Telecommunications Commission,,Canadian Radio-television and Telecommunications Commission,,Canadian Heritage,,CRTC,CRTC,1.1,a
3399,African Development Bank,,African Development Bank,,,,,,,,,a
3400,Asian Development Bank,,Asian Development Bank,,,,,,,,,a
3401,Caribbean Development Bank,,Caribbean Development Bank,,,,,,,,,a
3402,European Bank for Reconstruction and Development,,European Bank for Reconstruction and Development,,,,,,,,,a
3403,Inter-American Development Bank,,Inter-American Development Bank,,,,,,,,,a
3404,International Bank for Reconstruction and Development,,International Bank for Reconstruction and Development,,,,,,,,,a
3405,International Development Association,,International Development Association,,,,,,,,,a
3406,International Finance Corporation,,International Finance Corporation,,,,,,,,,a
3407,International Joint Commission (Canadian Section),,International Joint Commission (Canadian Section),,,,,,,,4,a
3408,International Lake Memphremagog Levels Board,,International Lake Memphremagog Levels Board,,,,,,,,,a
3409,International Lake of the Woods Control Board,,International Lake of the Woods Control Board,,,,,,,,,a
3410,International Monetary Fund,,International Monetary Fund,,,,,,,,,a
3411,Multilateral Investment Guarantee Agency,,Multilateral Investment Guarantee Agency,,,,,,,,,a
3412,Joint Public Advisory Committee (JPAC) of the Commission for Environmental Cooperation (CEC),,Joint Public Advisory Committee (JPAC) of the Commission for Environmental Cooperation (CEC),,,,,,,,,a
3413,World Anti-Doping Agency,,World Anti-Doping Agency,,,,,,,,,a
3414,Asian Infrastructure Investment Bank,,Asian Infrastructure Investment Bank,,,,,,,,,a
3415,Lower Churchill Development Corporation Limited,,Lower Churchill Development Corporation Limited,,,,,,,,,a
3416,North Portage Development Corporation (operating as The Forks North Portage Partnership),,North Portage Development Corporation (operating as The Forks North Portage Partnership),,,,,,,,,a
3417,Communication Canada,,Communication Canada,,,,,,,,4,a
3418,Office of the Superintendent of Bankruptcy,,Office of the Superintendent of Bankruptcy,,,,,,,,4,a
3419,Prairie Farm Rehabilitation Administration,,Prairie Farm Rehabilitation Administration,,,,,,,,4,a
3420,Commissioner of Canada Election,,Commissioner of Canada Election,,,,,,,,,a
3421,Canada Investment and Savings,,Canada Investment and Savings,,,,,,,,5,a
3422,Director of Soldier Settlement,,Director of Soldier Settlement,,,,,,,,4,a
3423,"The Director, The Veterans' Land Act",,"The Director, The Veterans' Land Act",,,,,,,,4,a
3424,Energy Supplies Allocation Board,,Energy Supplies Allocation Board,,,,Natural Resources Canada,,,,4,a
3425,"Staff of the Non-Public Funds, Canadian Forces",,"Staff of the Non-Public Funds, Canadian Forces",,,,,,,,5,a
3426,Statistics Survey Operations,,Statistics Survey Operations,,,,,,,,,a
3427,Federal Judges not part of any department,,Federal Judges not part of any department,,,,,,,,,a
3428,House of Commons,,House of Commons,,,,,,,,,a
3429,Library of Parliament,,Library of Parliament,,,,,,,,,a
3430,Office of the Conflict of Interest and Ethics Commissioner,,Office of the Conflict of Interest and Ethics Commissioner,,,,,,,,,a
3431,Senate Ethics Officer,,Senate Ethics Officer,,,,,,,,,a
3432,Senate,,Senate,,,,,,,,,a
3433,Office of the Parliamentary Budget Officer,,Office of the Parliamentary Budget Officer,,,,,,,,,a
3434,Parliamentary Protective Service,,Parliamentary Protective Service,,,,,,,,,a
3435,Aéroport de Québec Inc.,,Aéroport de Québec Inc.,,,,,,,,,a
3436,Aéroports de Montréal,,Aéroports de Montréal,,,,,,,,,a
3437,Asia-Pacific Foundation of Canada,,Asia-Pacific Foundation of Canada,,,,,,,,,a
3438,Association of Canada Lands Surveyors,,Association of Canada Lands Surveyors,,,,,,,,,a
3439,Belledune Port Authority,,Belledune Port Authority,,,,,,,,,a
3440,Buffalo and Fort Erie Public Bridge Authority,,Buffalo and Fort Erie Public Bridge Authority,,,,,,,,,a
3441,Calgary Airport Authority,,Calgary Airport Authority,,,,,,,,,a
3442,WinSport,,WinSport,,,,,,,,,a
3443,Canada Foundation for Innovation,,Canada Foundation for Innovation,,,,,,,,,a
3444,Canada Foundation for Sustainable Development Technology,,Canada Foundation for Sustainable Development Technology,,,,,,,,,a
3445,Canada Games Council,,Canada Games Council,,,,,,,,,a
3446,Canada Health Infoway Inc.,,Canada Health Infoway Inc.,,,,,,,,,a
3447,Canada Media Fund,,Canada Media Fund,,,,,,,,,a
3448,Canada-Newfoundland and Labrador Offshore Petroleum Board,,Canada-Newfoundland and Labrador Offshore Petroleum Board,,,,,,,,,a
3449,Canada-Nova Scotia Offshore Energy Regulator,,Canada-Nova Scotia Offshore Energy Regulator,,,,,,,,,a
3450,Canadian Agency for Drugs and Technologies in Health (CADTH),,Canadian Agency for Drugs and Technologies in Health (CADTH),,,,,,,,,a
3451,Canadian Centre on Substance Use and Addictions,,Canadian Centre on Substance Use and Addictions,,,,,,,,,a
3452,Canadian Energy Research Institute,,Canadian Energy Research Institute,,,,,,,,,d
3453,Canadian Institute for Health Information (CIHI),,Canadian Institute for Health Information (CIHI),,,,,,,,,a
3454,Canadian Livestock Records Corporation,,Canadian Livestock Records Corporation,,,,,,,,,a
3455,Canadian Partnership Against Cancer Corporation (CPAC),,Canadian Partnership Against Cancer Corporation (CPAC),,,,,,,,,a
3456,Canadian Patient Safety Institute (CPSI),,Canadian Patient Safety Institute (CPSI),,,,,,,,,d
3457,Canadian Sport Institute Ontario,,Canadian Sport Institute Ontario,,,,,,,,,a
3458,Charlottetown Airport Authority Inc.,,Charlottetown Airport Authority Inc.,,,,,,,,,a
3459,Coaching Association of Canada,,Coaching Association of Canada,,,,,,,,,a
3461,Edmonton Regional Airports Authority,,Edmonton Regional Airports Authority,,,,,,,,,a
3462,Fredericton International Airport Authority Inc.,,Fredericton International Airport Authority Inc.,,,,,,,,,a
3463,Gander International Airport Authority Inc.,,Gander International Airport Authority Inc.,,,,,,,,,a
3464,Greater London International Airport Authority,,Greater London International Airport Authority,,,,,,,,,a
3465,Greater Moncton International Airport Authority Inc.,,Greater Moncton International Airport Authority Inc.,,,,,,,,,a
3466,Greater Toronto Airports Authority,,Greater Toronto Airports Authority,,,,,,,,,a
3467,Halifax International Airport Authority,,Halifax International Airport Authority,,,,,,,,,a
3468,Halifax Port Authority,,Halifax Port Authority,,,,,,,,,a
3469,Hamilton Port Authority,,Hamilton Port Authority,,,,,,,,,a
3470,Institut national du sport du Québec,,Institut national du sport du Québec,,,,,,,,,a
3471,Internal Trade Secretariat Corporation,,Internal Trade Secretariat Corporation,,,,,,,,,a
3472,International Fisheries Commissions Pension Society,,International Fisheries Commissions Pension Society,,,,,,,,,a
3473,Lake of the Woods Control Board,,Lake of the Woods Control Board,,,,,,,,,a
3474,Maritime Forestry Complex Corporation,,Maritime Forestry Complex Corporation,,,,,,,,,a
3475,Mental Health Commission of Canada (MHCC),,Mental Health Commission of Canada (MHCC),,,,,,,,,a
3476,Milit-Air Inc.,,Milit-Air Inc.,,,,,,,,,a
3477,Montréal Port Authority,,Montréal Port Authority,,,,,,,,,a
3478,Nanaimo Port Authority,,Nanaimo Port Authority,,,,,,,,,a
3479,"Nature Trust of British Columbia, The",,"Nature Trust of British Columbia, The",,,,,,,,,a
3480,NAV CANADA,,NAV CANADA,,,,,,,,,a
3481,Oshawa Port Authority,,Oshawa Port Authority,,,,,,,,,a
3482,Ottawa International Airport Authority,,Ottawa International Airport Authority,,,,,,,,,a
3483,Ouranos Consortium,,Ouranos Consortium,,,,,,,,,a
3484,"Pierre Elliott Trudeau Foundation, The",,"Pierre Elliott Trudeau Foundation, The",,,,,,,,,a
3485,Porcupine Caribou Management Board,,Porcupine Caribou Management Board,,,,,,,,,a
3486,Port Alberni Port Authority,,Port Alberni Port Authority,,,,,,,,,a
3488,Prince George Airport Authority Inc.,,Prince George Airport Authority Inc.,,,,,,,,,a
3489,Prince Rupert Port Authority,,Prince Rupert Port Authority,,,,,,,,,a
3490,Québec Port Authority,,Québec Port Authority,,,,,,,,,a
3491,Regina Airport Authority Inc.,,Regina Airport Authority Inc.,,,,,,,,,a
3492,Roosevelt Campobello International Park Commission,,Roosevelt Campobello International Park Commission,,,,,,,,,a
3493,Saguenay Port Authority,,Saguenay Port Authority,,,,,,,,,a
3494,Saint John Airport Inc.,,Saint John Airport Inc.,,,,,,,,,a
3495,Saint John Port Authority,,Saint John Port Authority,,,,,,,,,a
3496,Saskatoon Airport Authority,,Saskatoon Airport Authority,,,,,,,,,a
3497,Sept-Îles Port Authority,,Sept-Îles Port Authority,,,,,,,,,a
3498,Sport Dispute Resolution Centre of Canada,,Sport Dispute Resolution Centre of Canada,,,,,,,,,a
3499,St. John's International Airport Authority,,St. John's International Airport Authority,,,,,,,,,a
3500,St. John's Port Authority,,St. John's Port Authority,,,,,,,,,a
3501,St. Lawrence Seaway Management Corporation,,St. Lawrence Seaway Management Corporation,,,,,,,,,a
3502,Terry Fox Humanitarian Award Inc.,,Terry Fox Humanitarian Award Inc.,,,,,,,,,a
3503,Thunder Bay International Airports Authority Inc.,,Thunder Bay International Airports Authority Inc.,,,,,,,,,a
3504,Thunder Bay Port Authority,,Thunder Bay Port Authority,,,,,,,,,a
3506,Toronto Port Authority,,Toronto Port Authority,,,,,,,,,a
3507,Trois-Rivières Port Authority,,Trois-Rivières Port Authority,,,,,,,,,a
3508,TV5 Québec Canada,,TV5 Québec Canada,,,,,,,,,a
3509,Vancouver Fraser Port Authority,,Vancouver Fraser Port Authority,,,,,,,,,a
3510,Vancouver International Airport Authority,,Vancouver International Airport Authority,,,,,,,,,a
3511,Victoria Airport Authority,,Victoria Airport Authority,,,,,,,,,a
3512,Waterfront Toronto,,Waterfront Toronto,,,,,,,,,a
3513,Wildlife Habitat Canada,,Wildlife Habitat Canada,,,,,,,,,a
3514,Windsor Port Authority,,Windsor Port Authority,,,,,,,,,a
3515,Winnipeg Airports Authority Inc.,,Winnipeg Airports Authority Inc.,,,,,,,,,a
3516,Canadian Foundation for Healthcare Improvement (CFHI),,Canadian Foundation for Healthcare Improvement (CFHI),,,,,,,,,d
3517,Healthcare Excellence Canada (HEC),,Healthcare Excellence Canada (HEC),,,,,,,,,a
3518,Aboriginal Healing Foundation,,Aboriginal Healing Foundation,,,,,,,,,d
3519,Canada Commonwealth Legacy Fund,,Canada Commonwealth Legacy Fund,,,,,,,,,d
3520,Canadian Foundation for Climate and Atmospheric Sciences,,Canadian Foundation for Climate and Atmospheric Sciences,,,,,,,,,d
3521,Canadian International Grains Institute,,Canadian International Grains Institute,,,,,,,,,d
3522,"Canadian Wheat Board, The",,"Canadian Wheat Board, The",,,,,,,,,d
3523,Centre national multisport-Montréal,,Centre national multisport-Montréal,,,,,,,,,d
3524,First Nations Financial Management Board,,First Nations Financial Management Board,,,,,,,,,d
3525,First Nations Tax Commission,,First Nations Tax Commission,,,,,,,,,d
3526,Health Council of Canada,,Health Council of Canada,,,,,,,,,d
3527,International Centre for Human Rights and Democratic Development,,International Centre for Human Rights and Democratic Development,,,,,,,,,d
3528,PrioNet Canada,,PrioNet Canada,,,,,,,,,d
3531,Last Post Fund,,Last Post Fund,,,,,,,,,t
3532,"Vanier Institute of the Family, The",,"Vanier Institute of the Family, The",,,,,,,,,t
3533,Canadian Coast Guard,,Canadian Coast Guard,,,,Fisheries and Oceans Canada,,,,,a
3534,Canadian Conservation Institute,,Canadian Conservation Institute,,,,Canadian Heritage,,,,,a
3535,Canadian Forces Housing Agency,,Canadian Forces Housing Agency,,,,National Defence,,,,,a
3536,Canadian Heritage Information Network,,Canadian Heritage Information Network,,,,Canadian Heritage,,,,,a
3537,Canadian Intellectual Property Office,,Canadian Intellectual Property Office,,,,"Innovation, Science and Economic Development Canada",,,,,a
3538,Canadian Pari-Mutuel Agency,,Canadian Pari-Mutuel Agency,,,,Agriculture and Agri-Food Canada,,,,,a
3539,CORCAN,,CORCAN,,,,Public Safety Canada,,,,,a
3540,Defence Research and Development Canada,,Defence Research and Development Canada,,,,National Defence,,,,,a
3541,Indian Oil and Gas Canada,,Indian Oil and Gas Canada,,,,Crown-Indigenous Relations and Northern Affairs Canada,,,,5,a
3542,Measurement Canada,,Measurement Canada,,,,"Innovation, Science and Economic Development Canada",,,,,a
3543,Physical Resources Bureau,,Physical Resources Bureau,,,,,,,,,a
3544,Translation Bureau,,Translation Bureau,,,,Public Services and Procurement Canada,,,,,a
3545,Consulting and Audit Canada Revolving Fund,,Consulting and Audit Canada Revolving Fund,,,,,,,,,d
3546,Industrial Technologies Office,,Industrial Technologies Office,,,,"Innovation, Science and Economic Development Canada",,,,,t
3547,Passport Canada,,Passport Canada,,,,,,,,,t
3548,Payroll System General Ledger,,Payroll System General Ledger,,,,,,,,,a
3549,Public Service Superannuation,,Public Service Superannuation,,,,,,,,,a
3552,Bank of Canada Museum,,Bank of Canada Museum,,,,,,,,,a
3553,Canada Agriculture and Food Museum,,Canada Agriculture and Food Museum,,,,,,,,,a
3554,Canada Aviation and Space Museum,,Canada Aviation and Space Museum,,,,,,,,,a
3555,Canada Firearms Centre,,Canada Firearms Centre,,,,,,,,,a
3556,Canada Research Chairs,,Canada Research Chairs,,,,,,,,,a
3557,Canadian Army,,Canadian Army,,,,National Defence,,,,,a
3558,Canadian Judicial Council,,Canadian Judicial Council,,,,,,,,,a
3559,Canadian Special Operations Forces Command,,Canadian Special Operations Forces Command,,,,,,,,,a
3560,Canadian Trade Commissioner Service,,Canadian Trade Commissioner Service,,,,,,,,,a
3561,Canadian War Museum,,Canadian War Museum,,,,,,,,,a
3562,Communications Research Centre Canada,,Communications Research Centre Canada,,,,,,,,,a
3563,Competition Bureau Canada,,Competition Bureau Canada,,,,,,,,,a
3564,Competition Tribunal,,Competition Tribunal,,,,"Innovation, Science and Economic Development Canada",,,,,a
3565,Court Martial Appeal Court of Canada,,Court Martial Appeal Court of Canada,,,,,,,,,a
3566,Democratic Institutions,,Democratic Institutions,,,,,,,,,a
3568,Environmental Protection Review Canada,,Environmental Protection Review Canada,,,,,,,,,a
3569,Federal Court of Appeal,,Federal Court of Appeal,,,,,,,,,a
3570,Federal Court of Canada,,Federal Court of Canada,,,,,,,,,a
3571,Office of the Federal Ombudsperson for Victims Of Crime,,Office of the Federal Ombudsperson for Victims Of Crime,,,,Department of Justice Canada,,,,,a
3572,Historic Sites and Monuments Board of Canada,,Historic Sites and Monuments Board of Canada,,,,,,,,,a
3573,Independent Review Panel for Defence Acquisition,,Independent Review Panel for Defence Acquisition,,,,,,,,,a
3574,Intergovernmental Affairs,,Intergovernmental Affairs,,,,,,,,,a
3575,Judicial Compensation and Benefits Commission,,Judicial Compensation and Benefits Commission,,,,,,,,,a
3577,Leader of the Government in the House of Commons,,Leader of the Government in the House of Commons,,,,,,,,,a
3578,Management Advisory Board for the RCMP,,Management Advisory Board for the RCMP,,,,,,,,,a
3579,National Security and Intelligence Review Agency,,National Security and Intelligence Review Agency,,,,,,,,,a
3580,National Seniors Council,,National Seniors Council,,,,,,,,,a
3581,Occupational Health and Safety Tribunal Canada,,Occupational Health and Safety Tribunal Canada,,,,,,,,,a
3582,Office of the Chief Military Judge,,Office of the Chief Military Judge,,,,,,,,,a
3583,Office of the Ombudsman for the Department of National Defence and the Canadian Armed Forces,,Office of the Ombudsman for the Department of National Defence and the Canadian Armed Forces,,,,,,,,,a
3584,Parliament of Canada,,Parliament of Canada,,,,,,,,,a
3585,Office of the Procurement Ombudsman,,Office of the Procurement Ombudsman,,,,Public Services and Procurement Canada,,,,,a
3586,Prime Minister of Canada,,Prime Minister of Canada,,,,Privy Council Office,,,,,a
3587,Public Servants Disclosure Protection Tribunal Canada,,Public Servants Disclosure Protection Tribunal Canada,,,,Privy Council Office,,,,,a
3588,Royal Canadian Air Force,,Royal Canadian Air Force,,,,,,,,,a
3589,Royal Canadian Navy,,Royal Canadian Navy,,,,,,,,,a
3590,Royal Military College of Canada,,Royal Military College of Canada,,,,,,,,,a
3591,Service Canada,,Service Canada,,,,,,,,,a
3593,Tax Court of Canada,,Tax Court of Canada,,,,,,,,,a
3594,Office of the Taxpayers' Ombudsperson,,Office of the Taxpayers' Ombudsperson,,,,Canada Revenue Agency,,,,,a
3595,Office of the Veterans' Ombudsman,,Office of the Veterans' Ombudsman,,,,Veterans Affairs Canada,,,,,a
3596,Virtual Museum of Canada,,Virtual Museum of Canada,,,,,,,,,a
3599,Aboriginal Business Canada,,Aboriginal Business Canada,,,,,,,,,a
3600,"Appeal Board, Hazardous Materials Information Review Act",,"Appeal Board, Hazardous Materials Information Review Act",,,,,,,,,a
3601,Canada Centre for Inland Waters,,Canada Centre for Inland Waters,,,,,,,,,a
3602,Canadian Museum of Contemporary Photography,,Canadian Museum of Contemporary Photography,,,,,,,,,a
3603,Environmental Protection Tribunal of Canada,,Environmental Protection Tribunal of Canada,,,,,,,,,a
3604,Geographical Names Board of Canada,,Geographical Names Board of Canada,,,,,,,,,a
3605,Geological Survey of Canada,,Geological Survey of Canada,,,,,,,,,a
3606,Geomatics Canada,,Geomatics Canada,,,,,,,,,a
3607,Indian Residential Schools Resolution Canada,,Indian Residential Schools Resolution Canada,,,,,,,,,a
3608,National Advisory Council on Aging,,National Advisory Council on Aging,,,,,,,,,a
3609,National Advisory Council on Poverty,,National Advisory Council on Poverty,,,,,,,,,a
3611,Office of the Chief Science Advisor of Canada,,Office of the Chief Science Advisor of Canada,,,,,,,,,a
3612,Policy Horizons Canada,,Policy Horizons Canada,,,,,,,,,a
3613,Ship-source Oil Pollution Fund,,Ship-source Oil Pollution Fund,,,,,,,,,a
3614,Statute Revision Commission Canada,,Statute Revision Commission Canada,,,,,,,,,a
3615,Canadian Dairy Commission,,Canadian Dairy Commission,,,,Agriculture and Agri-Food Canada,,,,4,a
3616,Farm Credit Canada,,Farm Credit Canada,,,,Agriculture and Agri-Food Canada,,,,3,a
3618,Canada Council for the Arts,,Canada Council for the Arts,,,,Canadian Heritage,,,,,a
3619,Canadian Broadcasting Corporation,,Canadian Broadcasting Corporation,,,,Canadian Heritage,,,,,a
3620,Canadian Museum for Human Rights,,Canadian Museum for Human Rights,,,,Canadian Heritage,,,,3,a
3621,Canadian Museum of History,,Canadian Museum of History,,,,Canadian Heritage,,,,3,a
3622,Canadian Museum of Immigration at Pier 21,,Canadian Museum of Immigration at Pier 21,,,,Canadian Heritage,,,,3,a
3623,Canadian Museum of Nature,,Canadian Museum of Nature,,,,Canadian Heritage,,,,3,a
3624,Canadian Race Relations Foundation,,Canadian Race Relations Foundation,,,,Canadian Heritage,,,,,a
3625,National Arts Centre Corporation,,National Arts Centre Corporation,,,,Canadian Heritage,,,,,a
3626,National Gallery of Canada,,National Gallery of Canada,,,,Canadian Heritage,,,,3,a
3627,National Museum of Science and Technology,,National Museum of Science and Technology,,,,Canadian Heritage,,,,3,a
3629,Telefilm Canada,,Telefilm Canada,,,,Canadian Heritage,,,,,a
3630,Toronto Organizing Committee for the 2015 Pan American and Parapan American Games,,Toronto Organizing Committee for the 2015 Pan American and Parapan American Games,,,,,,,,,a
3631,Canada Mortgage and Housing Corporation,,Canada Mortgage and Housing Corporation,,,,"Housing, Infrastructure and Communities Canada",,,,3,a
3632,Social Security Tribunal,,Social Security Tribunal,,,,Employment and Social Development Canada,,,,,t
3633,Bank of Canada,,Bank of Canada,,,,Department of Finance Canada,,,,,a
3634,Canada Deposit Insurance Corporation,,Canada Deposit Insurance Corporation,,,,Department of Finance Canada,,,,3,a
3635,Canada Development Investment Corporation,,Canada Development Investment Corporation,,,,Department of Finance Canada,,,,3,a
3636,Canada Pension Plan Investment Board,,Canada Pension Plan Investment Board,,,,Department of Finance Canada,,,,,a
3637,Royal Canadian Mint,,Royal Canadian Mint,,,,Department of Finance Canada,,,,3,a
3638,Freshwater Fish Marketing Corporation,,Freshwater Fish Marketing Corporation,,,,Fisheries and Oceans Canada,,,,3,a
3639,Canadian Commercial Corporation,,Canadian Commercial Corporation,,,,Global Affairs Canada,,,,3,a
3640,Export Development Canada,,Export Development Canada,,,,Global Affairs Canada,,,,3,a
3641,International Development Research Centre,,International Development Research Centre,,,,Global Affairs Canada,,,,,a
3642,Canada Infrastructure Bank,,Canada Infrastructure Bank,,,,"Housing, Infrastructure and Communities Canada",,,,3,a
3643,The Jacques-Cartier and Champlain Bridges Inc.,,The Jacques-Cartier and Champlain Bridges Inc.,,,,"Housing, Infrastructure and Communities Canada",,,,3,a
3644,Windsor-Detroit Bridge Authority,,Windsor-Detroit Bridge Authority,,,,"Housing, Infrastructure and Communities Canada",,,,3,a
3645,PPP Canada Inc.,,PPP Canada Inc.,,,,,,,,,d
3646,Business Development Bank of Canada,,Business Development Bank of Canada,,,,"Innovation, Science and Economic Development Canada",,,,3,a
3647,Canadian Tourism Commission,,Canadian Tourism Commission,,,,"Innovation, Science and Economic Development Canada",,,,3,a
3648,Standards Council of Canada,,Standards Council of Canada,,,,"Innovation, Science and Economic Development Canada",,,,3,a
3649,Atomic Energy of Canada Limited,,Atomic Energy of Canada Limited,,,,Natural Resources Canada,,,,3,a
3650,Canada Lands Company Limited,,Canada Lands Company Limited,,,,Public Services and Procurement Canada,,,,3,a
3651,Canada Post Corporation,,Canada Post Corporation,,,,Public Services and Procurement Canada,,,,3,a
3652,Defence Construction (1951) Limited,,Defence Construction (1951) Limited,,,,Public Services and Procurement Canada,,,,3,a
3653,National Capital Commission,,National Capital Commission,,,,Public Services and Procurement Canada,,,,3,a
3654,Atlantic Pilotage Authority,,Atlantic Pilotage Authority,,,,Transport Canada,,,,3,a
3655,Canadian Air Transport Security Authority,,Canadian Air Transport Security Authority,,,,Transport Canada,,,,3,a
3656,Great Lakes Pilotage Authority,,Great Lakes Pilotage Authority,,,,Transport Canada,,,,3,a
3657,Laurentian Pilotage Authority,,Laurentian Pilotage Authority,,,,Transport Canada,,,,3,a
3658,Marine Atlantic Inc.,,Marine Atlantic Inc.,,,,Transport Canada,,,,3,a
3659,Pacific Pilotage Authority,,Pacific Pilotage Authority,,,,Transport Canada,,,,3,a
3660,Ridley Terminals Inc.,,Ridley Terminals Inc.,,,,Transport Canada,,,,,t
3661,The Federal Bridge Corporation Limited,,The Federal Bridge Corporation Limited,,,,Transport Canada,,,,3,a
3662,VIA Rail Canada Inc.,,VIA Rail Canada Inc.,,,,Transport Canada,,,,3,a
3663,Public Sector Pension Investment Board,,Public Sector Pension Investment Board,,,,Treasury Board of Canada Secretariat,,,,,a
3664,Assisted Human Reproduction Agency of Canada,,Assisted Human Reproduction Agency of Canada,,,,,,,,,d
3665,Blue Water Bridge Authority,,Blue Water Bridge Authority,,,,,,,,,d
3666,Canada Employment Insurance Financing Board,,Canada Employment Insurance Financing Board,,,,,,,,,d
3667,Corporation for the Mitigation of Mackenzie Gas Project Impacts,,Corporation for the Mitigation of Mackenzie Gas Project Impacts,,,,,,,,,d
3668,Enterprise Cape Breton Corporation,,Enterprise Cape Breton Corporation,,,,,,,,,d
3669,First Nations Statistical Institute,,First Nations Statistical Institute,,,,,,,,,d
3670,Grain Appeal Tribunal,,Grain Appeal Tribunal,,,,,,,,,d
3671,Hazardous Materials Information Review Commission,,Hazardous Materials Information Review Commission,,,,,,,,,d
3672,Indian Residential Schools Truth and Reconciliation Commission,,Indian Residential Schools Truth and Reconciliation Commission,,,,,,,,,d
3673,Inuvialuit Arbitration Board,,Inuvialuit Arbitration Board,,,,,,,,,d
3674,Merchant Seamen Compensation Board,,Merchant Seamen Compensation Board,,,,,,,,,d
3675,National Round Table on the Environment and the Economy,,National Round Table on the Environment and the Economy,,,,,,,,,d
3676,Public Appointments Commission Secretariat,,Public Appointments Commission Secretariat,,,,,,,,,d
3679,Canada Agricultural Review Tribunal,,Canada Agricultural Review Tribunal,,,,Agriculture and Agri-Food Canada,,,,,t
3680,Canada Industrial Relations Board,,Canada Industrial Relations Board,,,,Employment and Social Development Canada,,,,,t
3681,Canadian Artists and Producers Professional Relations Tribunal,,Canadian Artists and Producers Professional Relations Tribunal,,,,,,,,,t
3682,Canadian Cultural Property Export Review Board,,Canadian Cultural Property Export Review Board,,,,Canadian Heritage,,,,,t
3683,Canadian Human Rights Tribunal,,Canadian Human Rights Tribunal,,,,Department of Justice Canada,,,,,t
3684,Canadian International Development Agency,,Canadian International Development Agency,,,,,,,,,t
3685,Canadian International Trade Tribunal,,Canadian International Trade Tribunal,,,,,,,,,t
3686,Employment Insurance Boards of Referees,,Employment Insurance Boards of Referees,,,,,,,,,t
3687,Office of the Commissioner of Review Tribunals,,Office of the Commissioner of Review Tribunals,,,,,,,,,t
3688,Office of the Umpire,,Office of the Umpire,,,,,,,,,t
3689,Old Port of Montreal Corporation Inc.,,Old Port of Montreal Corporation Inc.,,,,,,,,,t
3690,Parc Downsview Park Inc.,,Parc Downsview Park Inc.,,,,,,,,,a
3691,Pension Appeals Board,,Pension Appeals Board,,,,,,,,,t
3692,Public Service Labour Relations Board,,Public Service Labour Relations Board,,,,,,,,,t
3693,Public Service Staffing Tribunal,,Public Service Staffing Tribunal,,,,,,,,,t
3694,Registry of the Competition Tribunal,,Registry of the Competition Tribunal,,,,,,,,,t
3695,Registry of the Public Servants Disclosure Protection Tribunal,,Registry of the Public Servants Disclosure Protection Tribunal,,,,,,,,,t
3696,Registry of the Specific Claims Tribunal,,Registry of the Specific Claims Tribunal,,,,,,,,,t
3697,Transportation Appeal Tribunal of Canada,,Transportation Appeal Tribunal of Canada,,,,Transport Canada,,,,,t
3698,Vancouver Organizing Committee for the 2010 Olympic and Paralympic Winter Games,,Vancouver Organizing Committee for the 2010 Olympic and Paralympic Winter Games,,,,,,,,,d
3700,The Halifax 2011 Canada Games Host Society,,The Halifax 2011 Canada Games Host Society,,,,,,,,,d
3701,Prince George 2015 Canada Winter Games Host Society,,Prince George 2015 Canada Winter Games Host Society,,,,,,,,,a
3702,2010 Games Operating Trust Society,,2010 Games Operating Trust Society,,,,,,,,,a
3703,Canada Water Agency,,Canada Water Agency,,Canada Water Agency,,,,CWA,AEC,1.1,a
3704,Treasury Board,,Treasury Board,,,,,,TB,CT,1,a
3705,Federal Public Sector Labour Relations and Employment Board,,Federal Public Sector Labour Relations and Employment Board,,,,,,,,,a
3706,Miscarriage of Justice Review Commission,,Miscarriage of Justice Review Commission,,,,,,,,1.1,a
3707,VIA HFR - VIA TGF Inc.,,VIA HFR - VIA TGF Inc.,,,,,,,,,a
nan,,,Office of the Information Commissioner,,,,,,,,4,a
