gc_orgID,harmonized_name_info,harmonized_name_concordance,nom_harmonisé_info,nom_harmonisé_concordance
2222.0,Agriculture and Agri-Food Canada,Agriculture and Agri-Food Canada,,Agriculture et Agroalimentaire Canada
2223.0,Canadian Heritage,Canadian Heritage,,Patrimoine canadien
2224.0,"Immigration, Refugees and Citizenship Canada","Immigration, Refugees and Citizenship Canada",,"Immigration, Réfugiés et Citoyenneté Canada"
2225.0,Department of Finance Canada,Department of Finance Canada,,Ministère des Finances Canada
2226.0,Fisheries and Oceans Canada,Fisheries and Oceans Canada,,Pêches et Océans Canada
2227.0,Global Affairs Canada,Global Affairs Canada,,Affaires mondiales Canada
2228.0,Health Canada,Health Canada,,Santé Canada
2229.0,Employment and Social Development Canada,Employment and Social Development Canada,,Emploi et Développement social Canada
2230.0,Crown-Indigenous Relations and Northern Affairs Canada,Crown-Indigenous Relations and Northern Affairs Canada,,Relations Couronne-Autochtones et Affaires du Nord Canada
2231.0,"Innovation, Science and Economic Development Canada","Innovation, Science and Economic Development Canada",,"Innovation, Sciences et Développement économique Canada"
2232.0,Department of Justice Canada,Department of Justice Canada,,Ministère de la Justice Canada
2233.0,National Defence,National Defence,,Défense nationale
2234.0,Natural Resources Canada,Natural Resources Canada,,Ressources naturelles Canada
2235.0,Public Safety Canada,Public Safety Canada,,Sécurité publique Canada
2236.0,Public Services and Procurement Canada,Public Services and Procurement Canada,,Services publics et Approvisionnement Canada
2237.0,Environment and Climate Change Canada,Environment and Climate Change Canada,,Environnement et Changement climatique Canada
2238.0,Transport Canada,Transport Canada,,Transports Canada
2239.0,Veterans Affairs Canada,Veterans Affairs Canada,,Anciens Combattants Canada
2240.0,Prairies Economic Development Canada,Prairies Economic Development Canada,,Développement économique Canada pour les Prairies
2241.0,Women and Gender Equality Canada,Women and Gender Equality Canada,,Femmes et Égalité des genres Canada
2242.0,Treasury Board of Canada Secretariat,Treasury Board of Canada Secretariat,,Secrétariat du Conseil du Trésor du Canada
2243.0,Indigenous Services Canada,Indigenous Services Canada,,Services aux Autochtones Canada
2244.0,Atlantic Canada Opportunities Agency,Atlantic Canada Opportunities Agency,,Agence de promotion économique du Canada atlantique
2245.0,Impact Assessment Agency of Canada,Impact Assessment Agency of Canada,,Agence d'évaluation d'impact du Canada
2246.0,Canadian Grain Commission,Canadian Grain Commission,,Commission canadienne des grains
2247.0,Canadian Human Rights Commission,Canadian Human Rights Commission,,Commission canadienne des droits de la personne
2248.0,Canadian Intergovernmental Conference Secretariat,Canadian Intergovernmental Conference Secretariat,,Secrétariat des conférences intergouvernementales canadiennes
2249.0,Canadian Northern Economic Development Agency,Canadian Northern Economic Development Agency,,Agence canadienne de développement économique du Nord
2250.0,Canadian Security Intelligence Service,Canadian Security Intelligence Service,,Service canadien du renseignement de sécurité
2251.0,Canadian Space Agency,Canadian Space Agency,,Agence spatiale canadienne
2252.0,Canadian Transportation Agency,Canadian Transportation Agency,,Office des transports du Canada
2253.0,Communications Security Establishment Canada,Communications Security Establishment Canada,,Centre de la sécurité des télécommunications Canada
2254.0,Copyright Board Canada,Copyright Board Canada,,Commission du droit d'auteur Canada
2255.0,Correctional Service Canada,Correctional Service Canada,,Service correctionnel Canada
2256.0,Courts Administration Service,Courts Administration Service,,Service administratif des tribunaux judiciaires
2257.0,Canada Economic Development for Quebec Regions,Canada Economic Development for Quebec Regions,,Développement économique Canada pour les régions du Québec
2258.0,Federal Economic Development Agency for Southern Ontario,Federal Economic Development Agency for Southern Ontario,,Agence fédérale de développement économique pour le Sud de l'Ontario
2259.0,Financial Consumer Agency of Canada,Financial Consumer Agency of Canada,,Agence de la consommation en matière financière du Canada
2260.0,Financial Transactions and Reports Analysis Centre of Canada,Financial Transactions and Reports Analysis Centre of Canada,,Centre d'analyse des opérations et déclarations financières du Canada
2261.0,Immigration and Refugee Board of Canada,Immigration and Refugee Board of Canada,,Commission de l'immigration et du statut de réfugié du Canada
2262.0,Library and Archives Canada,Library and Archives Canada,,Bibliothèque et Archives Canada
2263.0,Military Grievances External Review Committee,Military Grievances External Review Committee,,Comité externe d'examen des griefs militaires
2264.0,Military Police Complaints Commission of Canada,Military Police Complaints Commission of Canada,,Commission d'examen des plaintes concernant la police militaire du Canada
2265.0,Farm Products Council of Canada,Farm Products Council of Canada,,Conseil des produits agricoles du Canada
2266.0,National Film Board,National Film Board,,Office national du film
2267.0,Parole Board of Canada,Parole Board of Canada,,Commission des libérations conditionnelles du Canada
2268.0,Northern Pipeline Agency Canada,Northern Pipeline Agency Canada,,Administration du pipe-line du Nord Canada
2269.0,"Housing, Infrastructure and Communities Canada","Housing, Infrastructure and Communities Canada",,"Logement, Infrastructures et Collectivités Canada"
2270.0,Office of the Auditor General of Canada,Office of the Auditor General of Canada,,Bureau du vérificateur général du Canada
2271.0,Elections Canada,Elections Canada,,Élections Canada
2272.0,Office of the Commissioner for Federal Judicial Affairs Canada,Office of the Commissioner for Federal Judicial Affairs Canada,,Commissariat à la magistrature fédérale Canada
2273.0,Office of the Commissioner of Lobbying of Canada,Office of the Commissioner of Lobbying of Canada,,Commissariat au lobbying du Canada
2274.0,Office of the Commissioner of Official Languages,Office of the Commissioner of Official Languages,,Commissariat aux langues officielles
2275.0,Office of the Intelligence Commissioner,Office of the Intelligence Commissioner,,Bureau du commissaire au renseignement
2276.0,The Correctional Investigator Canada,The Correctional Investigator Canada,,L'Enquêteur correctionnel Canada
2277.0,Public Prosecution Service of Canada,Public Prosecution Service of Canada,,Service des poursuites pénales du Canada
2278.0,Office of the Secretary to the Governor General,Office of the Secretary to the Governor General,,Bureau du secrétaire du gouverneur général
2279.0,Office of the Public Sector Integrity Commissioner of Canada,Office of the Public Sector Integrity Commissioner of Canada,,Commissariat à l'intégrité du secteur public du Canada
2280.0,Office of the Superintendent of Financial Institutions Canada,Office of the Superintendent of Financial Institutions Canada,,Bureau du surintendant des institutions financières Canada
2281.0,Office of the Information Commissioner of Canada,Office of the Information Commissioner of Canada,,Commissariat à l'information au Canada
2282.0,Office of the Privacy Commissioner of Canada,Office of the Privacy Commissioner of Canada,,Commissariat à la protection de la vie privée du Canada
2283.0,Patented Medicine Prices Review Board Canada,Patented Medicine Prices Review Board Canada,,Conseil d'examen du prix des médicaments brevetés Canada
2284.0,Privy Council Office,Privy Council Office,,Bureau du Conseil privé
2285.0,Public Health Agency of Canada,Public Health Agency of Canada,,Agence de la santé publique du Canada
2286.0,Public Service Commission of Canada,Public Service Commission of Canada,,Commission de la fonction publique du Canada
2287.0,Registrar of the Supreme Court of Canada,Registrar of the Supreme Court of Canada,,Registraire de la Cour suprême du Canada
2288.0,Royal Canadian Mounted Police,Royal Canadian Mounted Police,,Gendarmerie royale du Canada
2289.0,RCMP External Review Committee,RCMP External Review Committee,,Comité externe d'examen de la GRC
2290.0,Civilian Review and Complaints Commission for the RCMP,Civilian Review and Complaints Commission for the RCMP,,Commission civile d'examen et de traitement des plaintes relatives à la GRC
2291.0,National Security and Intelligence Review Agency Secretariat,National Security and Intelligence Review Agency Secretariat,,Secrétariat de l'Office de surveillance des activités en matière de sécurité nationale et de renseignement
2292.0,Shared Services Canada,Shared Services Canada,,Services partagés Canada
2293.0,Statistics Canada,Statistics Canada,,Statistique Canada
2294.0,Veterans Review and Appeal Board,Veterans Review and Appeal Board,,Tribunal des anciens combattants (révision et appel)
2295.0,Secretariat of the National Security and Intelligence Committee of Parliamentarians,Secretariat of the National Security and Intelligence Committee of Parliamentarians,,Secrétariat du Comité des parlementaires sur la sécurité nationale et le renseignement
2296.0,Leaders' Debates Commission,Leaders' Debates Commission,,Commission des débats des chefs
2297.0,Administrative Tribunals Support Service of Canada,Administrative Tribunals Support Service of Canada,,Service canadien d'appui aux tribunaux administratifs
2298.0,Pacific Economic Development Canada,Pacific Economic Development Canada,,Développement économique Canada pour le Pacifique
2299.0,Federal Economic Development Agency for Northern Ontario,Federal Economic Development Agency for Northern Ontario,,Agence fédérale de développement économique pour le Nord de l'Ontario
2300.0,Canada Border Services Agency,Canada Border Services Agency,,Agence des services frontaliers du Canada
2301.0,Canada Emission Reduction Incentives Agency,Canada Emission Reduction Incentives Agency,,Agence canadienne pour l'incitation à la réduction des émissions
2302.0,Canada Employment Insurance Commission,Canada Employment Insurance Commission,,Commission de l'assurance-emploi du Canada
2303.0,Canada Revenue Agency,Canada Revenue Agency,,Agence du revenu du Canada
2304.0,Canada School of Public Service,Canada School of Public Service,,École de la fonction publique du Canada
2305.0,Canadian Centre for Occupational Health and Safety,Canadian Centre for Occupational Health and Safety,,Centre canadien d'hygiène et de sécurité au travail
2306.0,Canadian Food Inspection Agency,Canadian Food Inspection Agency,,Agence canadienne d'inspection des aliments
2307.0,Canadian Institutes of Health Research,Canadian Institutes of Health Research,,Instituts de recherche en santé du Canada
2308.0,Canadian Nuclear Safety Commission,Canadian Nuclear Safety Commission,,Commission canadienne de sûreté nucléaire
2309.0,Transportation Safety Board of Canada,Transportation Safety Board of Canada,,Bureau de la sécurité des transports du Canada
2310.0,Law Commission of Canada,Law Commission of Canada,,Commission du droit du Canada
2311.0,The National Battlefields Commission,The National Battlefields Commission,,Commission des champs de bataille nationaux
2312.0,Canada Energy Regulator,Canada Energy Regulator,,Régie de l'énergie du Canada
2313.0,National Research Council Canada,National Research Council Canada,,Conseil national de recherches Canada
2314.0,Natural Sciences and Engineering Research Council of Canada,Natural Sciences and Engineering Research Council of Canada,,Conseil de recherches en sciences naturelles et en génie du Canada
2315.0,Parks Canada,Parks Canada,,Parcs Canada
2316.0,Social Sciences and Humanities Research Council of Canada,Social Sciences and Humanities Research Council of Canada,,Conseil de recherches en sciences humaines du Canada
2317.0,Invest in Canada Hub,Invest in Canada Hub,,Investir au Canada
2318.0,Polar Knowledge Canada,Polar Knowledge Canada,,Savoir polaire Canada
2319.0,Accessibility Standards Canada,Accessibility Standards Canada,,Normes d'accessibilité Canada
2396.0,Canadian Radio-television and Telecommunications Commission,Canadian Radio-television and Telecommunications Commission,,Conseil de la radiodiffusion et des télécommunications canadiennes
3399.0,African Development Bank,African Development Bank,,Banque africaine de développement
3400.0,Asian Development Bank,Asian Development Bank,,Banque asiatique de développement
3401.0,Caribbean Development Bank,Caribbean Development Bank,,Banque de développement des Caraïbes
3402.0,European Bank for Reconstruction and Development,European Bank for Reconstruction and Development,,Banque européenne pour la reconstruction et le développement
3403.0,Inter-American Development Bank,Inter-American Development Bank,,Banque interaméricaine de développement
3404.0,International Bank for Reconstruction and Development,International Bank for Reconstruction and Development,,Banque internationale pour la reconstruction et le développement
3405.0,International Development Association,International Development Association,,Association internationale de développement
3406.0,International Finance Corporation,International Finance Corporation,,Société financière internationale
3407.0,International Joint Commission (Canadian Section),International Joint Commission (Canadian Section),,Commission mixte internationale (section canadienne)
3408.0,International Lake Memphremagog Levels Board,International Lake Memphremagog Levels Board,,Commission internationale du lac Memphrémagog
3409.0,International Lake of the Woods Control Board,International Lake of the Woods Control Board,,Conseil international de contrôle du lac des Bois
3410.0,International Monetary Fund,International Monetary Fund,,Fonds monétaire international
3411.0,Multilateral Investment Guarantee Agency,Multilateral Investment Guarantee Agency,,Agence multilatérale de garantie des investissements
3412.0,Joint Public Advisory Committee (JPAC) of the Commission for Environmental Cooperation (CEC),Joint Public Advisory Committee (JPAC) of the Commission for Environmental Cooperation (CEC),,Comité consultatif public mixte (CCPM) de la Commission de coopération environnementale (CCE)
3413.0,World Anti-Doping Agency,World Anti-Doping Agency,,Agence mondiale antidopage
3414.0,Asian Infrastructure Investment Bank,Asian Infrastructure Investment Bank,,Banque asiatique d'investissement dans les infrastructures
3415.0,Lower Churchill Development Corporation Limited,Lower Churchill Development Corporation Limited,,Lower Churchill Development Corporation Limited
3416.0,North Portage Development Corporation (operating as The Forks North Portage Partnership),North Portage Development Corporation (operating as The Forks North Portage Partnership),,North Portage Development Corporation (exploitée sous le nom de The Forks North Portage Partnership)
3417.0,Communication Canada,Communication Canada,,Communication Canada
3418.0,Office of the Superintendent of Bankruptcy,Office of the Superintendent of Bankruptcy,,Bureau du surintendant des faillites
3419.0,Prairie Farm Rehabilitation Administration,Prairie Farm Rehabilitation Administration,,Administration du rétablissement agricole des Prairies
3420.0,Commissioner of Canada Election,Commissioner of Canada Election,,Commissaire aux élections fédérales
3421.0,Canada Investment and Savings,Canada Investment and Savings,,Placements Épargne Canada
3422.0,Director of Soldier Settlement,Director of Soldier Settlement,,Directeur de l'établissement de soldats
3423.0,"The Director, The Veterans' Land Act","The Director, The Veterans' Land Act",,Directeur des terres destinées aux anciens combattants
3424.0,Energy Supplies Allocation Board,Energy Supplies Allocation Board,,Office de répartition des approvisionnements d'énergie
3425.0,"Staff of the Non-Public Funds, Canadian Forces","Staff of the Non-Public Funds, Canadian Forces",,"Personnel des fonds non publics, Forces canadiennes"
3426.0,Statistics Survey Operations,Statistics Survey Operations,,Opérations des enquêtes statistiques
3427.0,Federal Judges not part of any department,Federal Judges not part of any department,,Juges fédéraux ne faisant pas partie d'un ministère
3428.0,House of Commons,House of Commons,,Chambre des communes
3429.0,Library of Parliament,Library of Parliament,,Bibliothèque du Parlement
3430.0,Office of the Conflict of Interest and Ethics Commissioner,Office of the Conflict of Interest and Ethics Commissioner,,Commissariat aux conflits d'intérêts et à l'éthique
3431.0,Senate Ethics Officer,Senate Ethics Officer,,Conseiller sénatorial en éthique
3432.0,Senate,Senate,,Sénat
3433.0,Office of the Parliamentary Budget Officer,Office of the Parliamentary Budget Officer,,Bureau du directeur parlementaire du budget
3434.0,Parliamentary Protective Service,Parliamentary Protective Service,,Service de protection parlementaire
3435.0,Aéroport de Québec Inc.,Aéroport de Québec Inc.,,Aéroport de Québec Inc.
3436.0,Aéroports de Montréal,Aéroports de Montréal,,Aéroports de Montréal
3437.0,Asia-Pacific Foundation of Canada,Asia-Pacific Foundation of Canada,,Fondation Asie-Pacifique du Canada
3438.0,Association of Canada Lands Surveyors,Association of Canada Lands Surveyors,,Association des Arpenteurs des Terres du Canada
3439.0,Belledune Port Authority,Belledune Port Authority,,Administration portuaire de Belledune
3440.0,Buffalo and Fort Erie Public Bridge Authority,Buffalo and Fort Erie Public Bridge Authority,,Buffalo and Fort Erie Public Bridge Authority
3441.0,Calgary Airport Authority,Calgary Airport Authority,,Administration aéroportuaire de Calgary
3442.0,WinSport,WinSport,,WinSport
3443.0,Canada Foundation for Innovation,Canada Foundation for Innovation,,Fondation canadienne pour l'innovation
3444.0,Canada Foundation for Sustainable Development Technology,Canada Foundation for Sustainable Development Technology,,Fondation du Canada pour l'appui technologique au développement durable
3445.0,Canada Games Council,Canada Games Council,,Conseil des Jeux du Canada
3446.0,Canada Health Infoway Inc.,Canada Health Infoway Inc.,,Inforoute Santé du Canada Inc.
3447.0,Canada Media Fund,Canada Media Fund,,Fonds des médias du Canada
3448.0,Canada-Newfoundland and Labrador Offshore Petroleum Board,Canada-Newfoundland and Labrador Offshore Petroleum Board,,Office Canada-Terre-Neuve-et-Labrador des hydrocarbures extracôtiers
3449.0,Canada-Nova Scotia Offshore Energy Regulator,Canada-Nova Scotia Offshore Energy Regulator,,Régie Canada-Nouvelle-Écosse de l'énergie extracôtière
3450.0,Canadian Agency for Drugs and Technologies in Health (CADTH),Canadian Agency for Drugs and Technologies in Health (CADTH),,Agence canadienne des médicaments et des technologies de la santé (ACMTS)
3451.0,Canadian Centre on Substance Use and Addictions,Canadian Centre on Substance Use and Addictions,,Centre canadien sur les dépendances et l'usage de substances
3452.0,Canadian Energy Research Institute,Canadian Energy Research Institute,,Canadian Energy Research Institute
3453.0,Canadian Institute for Health Information (CIHI),Canadian Institute for Health Information (CIHI),,Institut canadien d'information sur la santé (ICIS)
3454.0,Canadian Livestock Records Corporation,Canadian Livestock Records Corporation,,Société canadienne d'enregistrement des animaux
3455.0,Canadian Partnership Against Cancer Corporation (CPAC),Canadian Partnership Against Cancer Corporation (CPAC),,Partenariat canadien contre le cancer (PCC)
3456.0,Canadian Patient Safety Institute (CPSI),Canadian Patient Safety Institute (CPSI),,Institut canadien pour la sécurité des patients (ICSP)
3457.0,Canadian Sport Institute Ontario,Canadian Sport Institute Ontario,,Institut canadien du sport Ontario
3458.0,Charlottetown Airport Authority Inc.,Charlottetown Airport Authority Inc.,,Charlottetown Airport Authority Inc.
3459.0,Coaching Association of Canada,Coaching Association of Canada,,Association canadienne des entraîneurs
3461.0,Edmonton Regional Airports Authority,Edmonton Regional Airports Authority,,Edmonton Regional Airports Authority
3462.0,Fredericton International Airport Authority Inc.,Fredericton International Airport Authority Inc.,,Fredericton International Airport Authority Inc.
3463.0,Gander International Airport Authority Inc.,Gander International Airport Authority Inc.,,Gander International Airport Authority Inc.
3464.0,Greater London International Airport Authority,Greater London International Airport Authority,,Greater London International Airport Authority
3465.0,Greater Moncton International Airport Authority Inc.,Greater Moncton International Airport Authority Inc.,,Greater Moncton International Airport Authority Inc.
3466.0,Greater Toronto Airports Authority,Greater Toronto Airports Authority,,Autorité aéroportuaire du Grand Toronto
3467.0,Halifax International Airport Authority,Halifax International Airport Authority,,Administration de l'aéroport international d'Halifax
3468.0,Halifax Port Authority,Halifax Port Authority,,Administration portuaire d'Halifax
3469.0,Hamilton Port Authority,Hamilton Port Authority,,Administration portuaire de Hamilton
3470.0,Institut national du sport du Québec,Institut national du sport du Québec,,Institut national du sport du Québec
3471.0,Internal Trade Secretariat Corporation,Internal Trade Secretariat Corporation,,Corporation du Secrétariat du commerce intérieur
3472.0,International Fisheries Commissions Pension Society,International Fisheries Commissions Pension Society,,Société de caisse de retraite de la Commission internationale des pêcheries
3473.0,Lake of the Woods Control Board,Lake of the Woods Control Board,,Commission de contrôle du lac des Bois
3474.0,Maritime Forestry Complex Corporation,Maritime Forestry Complex Corporation,,Société du complexe forestier des Maritimes
3475.0,Mental Health Commission of Canada (MHCC),Mental Health Commission of Canada (MHCC),,Commission de la santé mentale du Canada (CSMC)
3476.0,Milit-Air Inc.,Milit-Air Inc.,,Milit-Air Inc.
3477.0,Montréal Port Authority,Montréal Port Authority,,Administration portuaire de Montréal
3478.0,Nanaimo Port Authority,Nanaimo Port Authority,,Administration portuaire de Nanaimo
3479.0,"Nature Trust of British Columbia, The","Nature Trust of British Columbia, The",,"Nature Trust of British Columbia, The"
3480.0,NAV CANADA,NAV CANADA,,NAV CANADA
3481.0,Oshawa Port Authority,Oshawa Port Authority,,Administration portuaire d'Oshawa
3482.0,Ottawa International Airport Authority,Ottawa International Airport Authority,,Administration de l'aéroport international d'Ottawa
3483.0,Ouranos Consortium,Ouranos Consortium,,Consortium Ouranos
3484.0,"Pierre Elliott Trudeau Foundation, The","Pierre Elliott Trudeau Foundation, The",,"Fondation Pierre Elliott Trudeau, La"
3485.0,Porcupine Caribou Management Board,Porcupine Caribou Management Board,,Porcupine Caribou Management Board
3486.0,Port Alberni Port Authority,Port Alberni Port Authority,,Administration portuaire de Port Alberni
3488.0,Prince George Airport Authority Inc.,Prince George Airport Authority Inc.,,Prince George Airport Authority Inc.
3489.0,Prince Rupert Port Authority,Prince Rupert Port Authority,,Administration portuaire de Prince Rupert
3490.0,Québec Port Authority,Québec Port Authority,,Administration portuaire de Québec
3491.0,Regina Airport Authority Inc.,Regina Airport Authority Inc.,,Regina Airport Authority Inc.
3492.0,Roosevelt Campobello International Park Commission,Roosevelt Campobello International Park Commission,,Commission du parc international Roosevelt de Campobello
3493.0,Saguenay Port Authority,Saguenay Port Authority,,Administration portuaire du Saguenay
3494.0,Saint John Airport Inc.,Saint John Airport Inc.,,Saint John Airport Inc.
3495.0,Saint John Port Authority,Saint John Port Authority,,Administration portuaire de Saint John
3496.0,Saskatoon Airport Authority,Saskatoon Airport Authority,,Saskatoon Airport Authority
3497.0,Sept-Îles Port Authority,Sept-Îles Port Authority,,Administration portuaire de Sept-Îles
3498.0,Sport Dispute Resolution Centre of Canada,Sport Dispute Resolution Centre of Canada,,Centre de règlement des différends sportifs du Canada
3499.0,St. John's International Airport Authority,St. John's International Airport Authority,,St. John's International Airport Authority
3500.0,St. John's Port Authority,St. John's Port Authority,,Administration portuaire de St. John's
3501.0,St. Lawrence Seaway Management Corporation,St. Lawrence Seaway Management Corporation,,Corporation de gestion de la Voie maritime du Saint-Laurent
3502.0,Terry Fox Humanitarian Award Inc.,Terry Fox Humanitarian Award Inc.,,Prix humanitaire Terry Fox inc.
3503.0,Thunder Bay International Airports Authority Inc.,Thunder Bay International Airports Authority Inc.,,Thunder Bay International Airports Authority Inc.
3504.0,Thunder Bay Port Authority,Thunder Bay Port Authority,,Administration portuaire de Thunder Bay
3506.0,Toronto Port Authority,Toronto Port Authority,,Administration portuaire de Toronto
3507.0,Trois-Rivières Port Authority,Trois-Rivières Port Authority,,Administration portuaire de Trois-Rivières
3508.0,TV5 Québec Canada,TV5 Québec Canada,,TV5 Québec Canada
3509.0,Vancouver Fraser Port Authority,Vancouver Fraser Port Authority,,Administration portuaire de Vancouver Fraser
3510.0,Vancouver International Airport Authority,Vancouver International Airport Authority,,Administration de l'Aéroport de Vancouver
3511.0,Victoria Airport Authority,Victoria Airport Authority,,Autorité aéroportuaire de Victoria
3512.0,Waterfront Toronto,Waterfront Toronto,,Waterfront Toronto
3513.0,Wildlife Habitat Canada,Wildlife Habitat Canada,,Habitat faunique Canada
3514.0,Windsor Port Authority,Windsor Port Authority,,Administration portuaire de Windsor
3515.0,Winnipeg Airports Authority Inc.,Winnipeg Airports Authority Inc.,,Winnipeg Airports Authority Inc.
3516.0,Canadian Foundation for Healthcare Improvement (CFHI),Canadian Foundation for Healthcare Improvement (CFHI),,Fondation canadienne pour l'amélioration des services de santé (FCASS)
3517.0,Healthcare Excellence Canada (HEC),Healthcare Excellence Canada (HEC),,Excellence en santé Canada (ESC)
3518.0,Aboriginal Healing Foundation,Aboriginal Healing Foundation,,Fondation autochtone de guérison
3519.0,Canada Commonwealth Legacy Fund,Canada Commonwealth Legacy Fund,,Fonds du legs des Jeux du Commonwealth
3520.0,Canadian Foundation for Climate and Atmospheric Sciences,Canadian Foundation for Climate and Atmospheric Sciences,,Fondation canadienne pour les sciences du climat et de l'atmosphère
3521.0,Canadian International Grains Institute,Canadian International Grains Institute,,Institut international du Canada pour le grain
3522.0,"Canadian Wheat Board, The","Canadian Wheat Board, The",,"Commission canadienne du blé, La"
3523.0,Centre national multisport-Montréal,Centre national multisport-Montréal,,Centre national multisport – Montréal
3524.0,First Nations Financial Management Board,First Nations Financial Management Board,,Conseil de gestion financière des premières nations
3525.0,First Nations Tax Commission,First Nations Tax Commission,,Commission de la fiscalité des premières nations
3526.0,Health Council of Canada,Health Council of Canada,,Conseil canadien de la santé
3527.0,International Centre for Human Rights and Democratic Development,International Centre for Human Rights and Democratic Development,,Centre international des droits de la personne et du développement démocratique
3528.0,PrioNet Canada,PrioNet Canada,,PrioNet Canada
3531.0,Last Post Fund,Last Post Fund,,Fonds du Souvenir
3532.0,"Vanier Institute of the Family, The","Vanier Institute of the Family, The",,L'Institut Vanier de la famille
3533.0,Canadian Coast Guard,Canadian Coast Guard,,Garde côtière canadienne
3534.0,Canadian Conservation Institute,Canadian Conservation Institute,,Institut canadien de conservation
3535.0,Canadian Forces Housing Agency,Canadian Forces Housing Agency,,Agence de logement des Forces canadiennes
3536.0,Canadian Heritage Information Network,Canadian Heritage Information Network,,Réseau canadien d'information sur le patrimoine
3537.0,Canadian Intellectual Property Office,Canadian Intellectual Property Office,,Office de la propriété intellectuelle du Canada
3538.0,Canadian Pari-Mutuel Agency,Canadian Pari-Mutuel Agency,,Agence canadienne du pari mutuel
3539.0,CORCAN,CORCAN,,CORCAN
3540.0,Defence Research and Development Canada,Defence Research and Development Canada,,Recherche et développement pour la défense Canada
3541.0,Indian Oil and Gas Canada,Indian Oil and Gas Canada,,Pétrole et gaz des Indiens du Canada
3542.0,Measurement Canada,Measurement Canada,,Mesures Canada
3543.0,Physical Resources Bureau,Physical Resources Bureau,,Direction générale des biens
3544.0,Translation Bureau,Translation Bureau,,Bureau de la traduction
3545.0,Consulting and Audit Canada Revolving Fund,Consulting and Audit Canada Revolving Fund,,Fonds renouvelable de Conseils et Vérification Canada
3546.0,Industrial Technologies Office,Industrial Technologies Office,,Office des technologies industrielles
3547.0,Passport Canada,Passport Canada,,Passeport Canada
3548.0,Payroll System General Ledger,Payroll System General Ledger,,Grand livre général du système de la paye
3549.0,Public Service Superannuation,Public Service Superannuation,,Pension de retraite de la fonction publique
3552.0,Bank of Canada Museum,Bank of Canada Museum,,Musée de la Banque du Canada
3553.0,Canada Agriculture and Food Museum,Canada Agriculture and Food Museum,,Musée de l'agriculture et de l'alimentation du Canada
3554.0,Canada Aviation and Space Museum,Canada Aviation and Space Museum,,Musée de l'aviation et de l'espace du Canada
3555.0,Canada Firearms Centre,Canada Firearms Centre,,Centre des armes à feu Canada
3556.0,Canada Research Chairs,Canada Research Chairs,,Chaires de recherche du Canada
3557.0,Canadian Army,Canadian Army,,Armée canadienne
3558.0,Canadian Judicial Council,Canadian Judicial Council,,Conseil canadien de la magistrature
3559.0,Canadian Special Operations Forces Command,Canadian Special Operations Forces Command,,Commandement des Forces d'opérations spéciales du Canada
3560.0,Canadian Trade Commissioner Service,Canadian Trade Commissioner Service,,Service des délégués commerciaux du Canada
3561.0,Canadian War Museum,Canadian War Museum,,Musée canadien de la guerre
3562.0,Communications Research Centre Canada,Communications Research Centre Canada,,Centre de recherches sur les communications Canada
3563.0,Competition Bureau Canada,Competition Bureau Canada,,Bureau de la concurrence Canada
3564.0,Competition Tribunal,Competition Tribunal,,Tribunal de la concurrence
3565.0,Court Martial Appeal Court of Canada,Court Martial Appeal Court of Canada,,Cour d'appel de la cour martiale du Canada
3566.0,Democratic Institutions,Democratic Institutions,,Institutions démocratiques
3568.0,Environmental Protection Review Canada,Environmental Protection Review Canada,,Révision de la protection de l'environnement Canada
3569.0,Federal Court of Appeal,Federal Court of Appeal,,Cour d'appel fédérale
3570.0,Federal Court of Canada,Federal Court of Canada,,Cour fédérale
3571.0,Office of the Federal Ombudsperson for Victims Of Crime,Office of the Federal Ombudsperson for Victims Of Crime,,Bureau de l'ombudsman fédéral des victimes d'actes criminels
3572.0,Historic Sites and Monuments Board of Canada,Historic Sites and Monuments Board of Canada,,Commission des lieux et monuments historiques du Canada
3573.0,Independent Review Panel for Defence Acquisition,Independent Review Panel for Defence Acquisition,,Commission indépendante d'examen des acquisitions de la Défense
3574.0,Intergovernmental Affairs,Intergovernmental Affairs,,Affaires intergouvernementales
3575.0,Judicial Compensation and Benefits Commission,Judicial Compensation and Benefits Commission,,Commission d'examen de la rémunération des juges
3577.0,Leader of the Government in the House of Commons,Leader of the Government in the House of Commons,,Leader du gouvernement à la Chambre des communes
3578.0,Management Advisory Board for the RCMP,Management Advisory Board for the RCMP,,Conseil consultatif de gestion pour la GRC
3579.0,National Security and Intelligence Review Agency,National Security and Intelligence Review Agency,,Office de surveillance des activités en matière de sécurité nationale et de renseignement
3580.0,National Seniors Council,National Seniors Council,,Conseil national des aînés
3581.0,Occupational Health and Safety Tribunal Canada,Occupational Health and Safety Tribunal Canada,,Tribunal de santé et sécurité au travail Canada
3582.0,Office of the Chief Military Judge,Office of the Chief Military Judge,,Le cabinet du juge militaire en chef
3583.0,Office of the Ombudsman for the Department of National Defence and the Canadian Armed Forces,Office of the Ombudsman for the Department of National Defence and the Canadian Armed Forces,,Bureau de l'ombudsman de la Défense nationale et des Forces armées canadiennes
3584.0,Parliament of Canada,Parliament of Canada,,Parlement du Canada
3585.0,Office of the Procurement Ombudsman,Office of the Procurement Ombudsman,,Bureau de l'ombudsman de l'approvisionnement
3586.0,Prime Minister of Canada,Prime Minister of Canada,,Premier ministre du Canada
3587.0,Public Servants Disclosure Protection Tribunal Canada,Public Servants Disclosure Protection Tribunal Canada,,Tribunal de la protection des fonctionnaires divulgateurs Canada
3588.0,Royal Canadian Air Force,Royal Canadian Air Force,,Aviation royale canadienne
3589.0,Royal Canadian Navy,Royal Canadian Navy,,Marine royale canadienne
3590.0,Royal Military College of Canada,Royal Military College of Canada,,Collège militaire royal du Canada
3591.0,Service Canada,Service Canada,,Service Canada
3593.0,Tax Court of Canada,Tax Court of Canada,,Cour canadienne de l'impôt
3594.0,Office of the Taxpayers' Ombudsperson,Office of the Taxpayers' Ombudsperson,,Bureau de l'ombudsman des contribuables
3595.0,Office of the Veterans' Ombudsman,Office of the Veterans' Ombudsman,,Bureau de l'ombud des vétérans
3596.0,Virtual Museum of Canada,Virtual Museum of Canada,,Musée virtuel du Canada
3599.0,Aboriginal Business Canada,Aboriginal Business Canada,,Entreprise autochtone Canada
3600.0,"Appeal Board, Hazardous Materials Information Review Act","Appeal Board, Hazardous Materials Information Review Act",,"Commission d'appel, Loi sur le contrôle des renseignements relatifs aux matières dangereuses"
3601.0,Canada Centre for Inland Waters,Canada Centre for Inland Waters,,Centre canadien des eaux intérieures
3602.0,Canadian Museum of Contemporary Photography,Canadian Museum of Contemporary Photography,,Musée canadien de la photographie contemporaine
3603.0,Environmental Protection Tribunal of Canada,Environmental Protection Tribunal of Canada,,Tribunal de la protection de I'environnement du Canada
3604.0,Geographical Names Board of Canada,Geographical Names Board of Canada,,La Commission de toponymie du Canada
3605.0,Geological Survey of Canada,Geological Survey of Canada,,Commission géologique du Canada
3606.0,Geomatics Canada,Geomatics Canada,,Géomatique Canada
3607.0,Indian Residential Schools Resolution Canada,Indian Residential Schools Resolution Canada,,Résolution des questions des pensionnats indiens Canada
3608.0,National Advisory Council on Aging,National Advisory Council on Aging,,Conseil consultatif national sur le troisième âge
3609.0,National Advisory Council on Poverty,National Advisory Council on Poverty,,Conseil national du Bien-être
3611.0,Office of the Chief Science Advisor of Canada,Office of the Chief Science Advisor of Canada,,Bureau du conseiller scientifique en chef du Canada
3612.0,Policy Horizons Canada,Policy Horizons Canada,,Horizons de politiques Canada
3613.0,Ship-source Oil Pollution Fund,Ship-source Oil Pollution Fund,,Caisse d'indemnisation des dommages dus à la pollution par les hydrocarbures causée par les navires
3614.0,Statute Revision Commission Canada,Statute Revision Commission Canada,,Commission de révision des lois Canada
3615.0,Canadian Dairy Commission,Canadian Dairy Commission,,Commission canadienne du lait
3616.0,Farm Credit Canada,Farm Credit Canada,,Financement agricole Canada
3618.0,Canada Council for the Arts,Canada Council for the Arts,,Conseil des Arts du Canada
3619.0,Canadian Broadcasting Corporation,Canadian Broadcasting Corporation,,Société Radio-Canada
3620.0,Canadian Museum for Human Rights,Canadian Museum for Human Rights,,Musée canadien des droits de la personne
3621.0,Canadian Museum of History,Canadian Museum of History,,Musée canadien de l'histoire
3622.0,Canadian Museum of Immigration at Pier 21,Canadian Museum of Immigration at Pier 21,,Musée canadien de l'immigration du Quai 21
3623.0,Canadian Museum of Nature,Canadian Museum of Nature,,Musée canadien de la nature
3624.0,Canadian Race Relations Foundation,Canadian Race Relations Foundation,,Fondation canadienne des relations raciales
3625.0,National Arts Centre Corporation,National Arts Centre Corporation,,Société du Centre national des Arts
3626.0,National Gallery of Canada,National Gallery of Canada,,Musée des beaux-arts du Canada
3627.0,National Museum of Science and Technology,National Museum of Science and Technology,,Musée national des sciences et de la technologie
3629.0,Telefilm Canada,Telefilm Canada,,Téléfilm Canada
3630.0,Toronto Organizing Committee for the 2015 Pan American and Parapan American Games,Toronto Organizing Committee for the 2015 Pan American and Parapan American Games,,Comité d'organisation des Jeux panaméricains et parapanaméricains de Toronto 2015
3631.0,Canada Mortgage and Housing Corporation,Canada Mortgage and Housing Corporation,,Société canadienne d'hypothèques et de logement
3632.0,Social Security Tribunal,Social Security Tribunal,,Tribunal de la sécurité sociale
3633.0,Bank of Canada,Bank of Canada,,Banque du Canada
3634.0,Canada Deposit Insurance Corporation,Canada Deposit Insurance Corporation,,Société d'assurance-dépôts du Canada
3635.0,Canada Development Investment Corporation,Canada Development Investment Corporation,,La Corporation de développement des investissements du Canada
3636.0,Canada Pension Plan Investment Board,Canada Pension Plan Investment Board,,Office d'investissement du régime de pensions du Canada
3637.0,Royal Canadian Mint,Royal Canadian Mint,,Monnaie royale canadienne
3638.0,Freshwater Fish Marketing Corporation,Freshwater Fish Marketing Corporation,,Office de commercialisation du poisson d'eau douce
3639.0,Canadian Commercial Corporation,Canadian Commercial Corporation,,Corporation commerciale canadienne
3640.0,Export Development Canada,Export Development Canada,,Exportation et développement Canada
3641.0,International Development Research Centre,International Development Research Centre,,Centre de recherches pour le développement international
3642.0,Canada Infrastructure Bank,Canada Infrastructure Bank,,Banque de l'infrastructure du Canada
3643.0,The Jacques-Cartier and Champlain Bridges Inc.,The Jacques-Cartier and Champlain Bridges Inc.,,Les Ponts Jacques-Cartier et Champlain Inc.
3644.0,Windsor-Detroit Bridge Authority,Windsor-Detroit Bridge Authority,,Autorité du pont Windsor-Détroit
3645.0,PPP Canada Inc.,PPP Canada Inc.,,PPP Canada Inc.
3646.0,Business Development Bank of Canada,Business Development Bank of Canada,,Banque de développement du Canada
3647.0,Canadian Tourism Commission,Canadian Tourism Commission,,Commission canadienne du tourisme
3648.0,Standards Council of Canada,Standards Council of Canada,,Conseil canadien des normes
3649.0,Atomic Energy of Canada Limited,Atomic Energy of Canada Limited,,Énergie atomique du Canada limitée
3650.0,Canada Lands Company Limited,Canada Lands Company Limited,,Société immobilière du Canada limitée
3651.0,Canada Post Corporation,Canada Post Corporation,,Société canadienne des postes
3652.0,Defence Construction (1951) Limited,Defence Construction (1951) Limited,,Construction de Défense (1951) Limitée
3653.0,National Capital Commission,National Capital Commission,,Commission de la capitale nationale
3654.0,Atlantic Pilotage Authority,Atlantic Pilotage Authority,,Administration de pilotage de l'Atlantique
3655.0,Canadian Air Transport Security Authority,Canadian Air Transport Security Authority,,Administration canadienne de la sûreté du transport aérien
3656.0,Great Lakes Pilotage Authority,Great Lakes Pilotage Authority,,Administration de pilotage des Grands Lacs
3657.0,Laurentian Pilotage Authority,Laurentian Pilotage Authority,,Administration de pilotage des Laurentides
3658.0,Marine Atlantic Inc.,Marine Atlantic Inc.,,Marine Atlantique S.C.C.
3659.0,Pacific Pilotage Authority,Pacific Pilotage Authority,,Administration de pilotage du Pacifique
3660.0,Ridley Terminals Inc.,Ridley Terminals Inc.,,Ridley Terminals Inc.
3661.0,The Federal Bridge Corporation Limited,The Federal Bridge Corporation Limited,,La Société des ponts fédéraux Limitée
3662.0,VIA Rail Canada Inc.,VIA Rail Canada Inc.,,VIA Rail Canada inc.
3663.0,Public Sector Pension Investment Board,Public Sector Pension Investment Board,,Office d'investissement des régimes de pensions du secteur public
3664.0,Assisted Human Reproduction Agency of Canada,Assisted Human Reproduction Agency of Canada,,Agence canadienne de contrôle de la procréation assistée
3665.0,Blue Water Bridge Authority,Blue Water Bridge Authority,,Administration du pont Blue Water
3666.0,Canada Employment Insurance Financing Board,Canada Employment Insurance Financing Board,,Office de financement de l'assurance-emploi du Canada
3667.0,Corporation for the Mitigation of Mackenzie Gas Project Impacts,Corporation for the Mitigation of Mackenzie Gas Project Impacts,,Société d'atténuation des répercussions du projet gazier Mackenzie
3668.0,Enterprise Cape Breton Corporation,Enterprise Cape Breton Corporation,,Société d'expansion du Cap Breton
3669.0,First Nations Statistical Institute,First Nations Statistical Institute,,Institut de la statistique des Premières nations
3670.0,Grain Appeal Tribunal,Grain Appeal Tribunal,,Tribunal d'appel pour les grains
3671.0,Hazardous Materials Information Review Commission,Hazardous Materials Information Review Commission,,Conseil de contrôle des renseignements relatifs aux matières dangereuses
3672.0,Indian Residential Schools Truth and Reconciliation Commission,Indian Residential Schools Truth and Reconciliation Commission,,Commission de vérité et de réconciliation relative aux pensionnats indiens
3673.0,Inuvialuit Arbitration Board,Inuvialuit Arbitration Board,,Commission d'arbitrage des Inuvialuit
3674.0,Merchant Seamen Compensation Board,Merchant Seamen Compensation Board,,Commission d'indemnisation des marins marchands
3675.0,National Round Table on the Environment and the Economy,National Round Table on the Environment and the Economy,,Table ronde nationale sur l'environnement et l'économie
3676.0,Public Appointments Commission Secretariat,Public Appointments Commission Secretariat,,Secrétariat de la Commission des nominations publiques
3679.0,Canada Agricultural Review Tribunal,Canada Agricultural Review Tribunal,,Commission de révision agricole du Canada
3680.0,Canada Industrial Relations Board,Canada Industrial Relations Board,,Conseil canadien des relations industrielles
3681.0,Canadian Artists and Producers Professional Relations Tribunal,Canadian Artists and Producers Professional Relations Tribunal,,Tribunal canadien des relations professionnelles artistes-producteurs
3682.0,Canadian Cultural Property Export Review Board,Canadian Cultural Property Export Review Board,,Commission canadienne d'examen des exportations de biens culturels
3683.0,Canadian Human Rights Tribunal,Canadian Human Rights Tribunal,,Tribunal canadien des droits de la personne
3684.0,Canadian International Development Agency,Canadian International Development Agency,,Agence canadienne de développement international
3685.0,Canadian International Trade Tribunal,Canadian International Trade Tribunal,,Tribunal canadien du commerce extérieur
3686.0,Employment Insurance Boards of Referees,Employment Insurance Boards of Referees,,Conseils arbitraux de l'assurance-emploi
3687.0,Office of the Commissioner of Review Tribunals,Office of the Commissioner of Review Tribunals,,Bureau du Commissaire des tribunaux de révision
3688.0,Office of the Umpire,Office of the Umpire,,Bureau du juge-arbitre
3689.0,Old Port of Montreal Corporation Inc.,Old Port of Montreal Corporation Inc.,,Société du Vieux-Port de Montréal Inc.
3690.0,Parc Downsview Park Inc.,Parc Downsview Park Inc.,,Parc Downsview Park Inc
3691.0,Pension Appeals Board,Pension Appeals Board,,Commission d'appel des pensions
3692.0,Public Service Labour Relations Board,Public Service Labour Relations Board,,Commission des relations de travail dans la fonction publique
3693.0,Public Service Staffing Tribunal,Public Service Staffing Tribunal,,Tribunal de la dotation de la fonction publique
3694.0,Registry of the Competition Tribunal,Registry of the Competition Tribunal,,Greffe du Tribunal de la concurrence
3695.0,Registry of the Public Servants Disclosure Protection Tribunal,Registry of the Public Servants Disclosure Protection Tribunal,,Greffe du Tribunal de la protection des fonctionnaires divulgateurs d'actes répréhensibles
3696.0,Registry of the Specific Claims Tribunal,Registry of the Specific Claims Tribunal,,Greffe du Tribunal des revendications particulières
3697.0,Transportation Appeal Tribunal of Canada,Transportation Appeal Tribunal of Canada,,Tribunal d'appel des transports du Canada
3698.0,Vancouver Organizing Committee for the 2010 Olympic and Paralympic Winter Games,Vancouver Organizing Committee for the 2010 Olympic and Paralympic Winter Games,,Comité d'organisation des Jeux olympiques et paralympiques d'hiver de 2010 à Vancouver
3700.0,The Halifax 2011 Canada Games Host Society,The Halifax 2011 Canada Games Host Society,,Société d'accueil des Jeux de 2011 de Halifax
3701.0,Prince George 2015 Canada Winter Games Host Society,Prince George 2015 Canada Winter Games Host Society,,Société hôtesse des Jeux d'hiver du Canada Prince George 2015
3702.0,2010 Games Operating Trust Society,2010 Games Operating Trust Society,,Société du legs des Jeux de 2010
3703.0,Canada Water Agency,Canada Water Agency,,Agence de l'eau du Canada
3704.0,Treasury Board,Treasury Board,,Conseil du Trésor
3705.0,Federal Public Sector Labour Relations and Employment Board,Federal Public Sector Labour Relations and Employment Board,,Commission des relations de travail et de l'emploi dans le secteur public fédéral
3706.0,Miscarriage of Justice Review Commission,Miscarriage of Justice Review Commission,,Commission d'examen des erreurs du système judiciaire
3707.0,VIA HFR - VIA TGF Inc.,VIA HFR - VIA TGF Inc.,,VIA HFR - VIA TGF Inc.
nan,,,,
