final_rg_match,manual_org_id_link,manual_pop_phoenix,manual_lead_department_portfolio,rg_final,FAA_combined,en_applied
"Not found in Manual Org ID Link, Row 83 excluding blank cells.",,"Not found in Manual Org ID Link, Row 2 excluding blank cells.","Not found in Manual Org ID Link, Row 1 excluding blank cells.","Not found in Manual Org ID Link, Row 57 excluding blank cells.","Not found in Manual Org ID Link, Row 32 excluding blank cells.","Not found in Manual Org ID Link, Row 1 excluding blank cells."
"Not found in Manual Org ID Link, Row 87 excluding blank cells.",,"Not found in Manual Org ID Link, Row 4 excluding blank cells.","Not found in Manual Org ID Link, Row 3 excluding blank cells.","Not found in Manual Org ID Link, Row 83 excluding blank cells.","Not found in Manual Org ID Link, Row 57 excluding blank cells.","Not found in Manual Org ID Link, Row 49 excluding blank cells."
"Not found in Manual Org ID Link, Row 101 excluding blank cells.",,"Not found in Manual Org ID Link, Row 9 excluding blank cells.","Not found in Manual Org ID Link, Row 8 excluding blank cells.","Not found in Manual Org ID Link, Row 87 excluding blank cells.","Not found in Manual Org ID Link, Row 135 excluding blank cells.","Not found in Manual Org ID Link, Row 57 excluding blank cells."
,,"Not found in Manual Org ID Link, Row 10 excluding blank cells.","Not found in Manual Org ID Link, Row 9 excluding blank cells.","Not found in Manual Org ID Link, Row 98 excluding blank cells.","Not found in Manual Org ID Link, Row 137 excluding blank cells.","Not found in Manual Org ID Link, Row 68 excluding blank cells."
,,"Not found in Manual Org ID Link, Row 17 excluding blank cells.","Not found in Manual Org ID Link, Row 27 excluding blank cells.","Not found in Manual Org ID Link, Row 100 excluding blank cells.",,"Not found in Manual Org ID Link, Duplicated data in own list, Row 69 excluding blank cells."
,,"Not found in Manual Org ID Link, Row 20 excluding blank cells.","Not found in Manual Org ID Link, Row 28 excluding blank cells.","Not found in Manual Org ID Link, Row 101 excluding blank cells.",,"Not found in Manual Org ID Link, Row 76 excluding blank cells."
,,"Not found in Manual Org ID Link, Row 22 excluding blank cells.","Not found in Manual Org ID Link, Row 30 excluding blank cells.","Not found in Manual Org ID Link, Row 102 excluding blank cells.",,
,,"Not found in Manual Org ID Link, Row 27 excluding blank cells.","Not found in Manual Org ID Link, Row 33 excluding blank cells.","Not found in Manual Org ID Link, Duplicated data in own list, Row 103 excluding blank cells.",,
,,"Not found in Manual Org ID Link, Row 28 excluding blank cells.","Not found in Manual Org ID Link, Row 34 excluding blank cells.","Not found in Manual Org ID Link, Row 105 excluding blank cells.",,
,,"Not found in Manual Org ID Link, Row 30 excluding blank cells.","Not found in Manual Org ID Link, Row 37 excluding blank cells.",,,
,,"Not found in Manual Org ID Link, Row 35 excluding blank cells.","Not found in Manual Org ID Link, Row 38 excluding blank cells.",,,
,,"Not found in Manual Org ID Link, Row 39 excluding blank cells.","Not found in Manual Org ID Link, Row 42 excluding blank cells.",,,
,,"Not found in Manual Org ID Link, Row 40 excluding blank cells.","Not found in Manual Org ID Link, Row 48 excluding blank cells.",,,
,,"Not found in Manual Org ID Link, Row 52 excluding blank cells.","Not found in Manual Org ID Link, Row 51 excluding blank cells.",,,
,,"Not found in Manual Org ID Link, Row 53 excluding blank cells.","Not found in Manual Org ID Link, Row 56 excluding blank cells.",,,
,,"Not found in Manual Org ID Link, Row 56 excluding blank cells.","Not found in Manual Org ID Link, Row 57 excluding blank cells.",,,
,,"Not found in Manual Org ID Link, Row 57 excluding blank cells.","Not found in Manual Org ID Link, Row 61 excluding blank cells.",,,
,,"Not found in Manual Org ID Link, Row 58 excluding blank cells.","Not found in Manual Org ID Link, Row 67 excluding blank cells.",,,
,,"Not found in Manual Org ID Link, Row 61 excluding blank cells.","Not found in Manual Org ID Link, Row 68 excluding blank cells.",,,
,,"Not found in Manual Org ID Link, Row 77 excluding blank cells.","Not found in Manual Org ID Link, Row 69 excluding blank cells.",,,
,,"Not found in Manual Org ID Link, Row 88 excluding blank cells.","Not found in Manual Org ID Link, Row 71 excluding blank cells.",,,
,,"Not found in Manual Org ID Link, Row 91 excluding blank cells.","Not found in Manual Org ID Link, Row 73 excluding blank cells.",,,
,,"Not found in Manual Org ID Link, Row 104 excluding blank cells.","Not found in Manual Org ID Link, Row 74 excluding blank cells.",,,
,,"Not found in Manual Org ID Link, Row 106 excluding blank cells.","Not found in Manual Org ID Link, Row 75 excluding blank cells.",,,
,,"Not found in Manual Org ID Link, Row 113 excluding blank cells.","Not found in Manual Org ID Link, Row 80 excluding blank cells.",,,
,,"Not found in Manual Org ID Link, Row 118 excluding blank cells.","Not found in Manual Org ID Link, Row 82 excluding blank cells.",,,
,,"Not found in Manual Org ID Link, Row 122 excluding blank cells.","Not found in Manual Org ID Link, Row 86 excluding blank cells.",,,
,,"Not found in Manual Org ID Link, Row 125 excluding blank cells.","Not found in Manual Org ID Link, Row 87 excluding blank cells.",,,
,,"Not found in Manual Org ID Link, Row 126 excluding blank cells.","Not found in Manual Org ID Link, Row 95 excluding blank cells.",,,
,,"Not found in Manual Org ID Link, Row 128 excluding blank cells.","Not found in Manual Org ID Link, Row 98 excluding blank cells.",,,
,,"Not found in Manual Org ID Link, Row 129 excluding blank cells.","Not found in Manual Org ID Link, Row 99 excluding blank cells.",,,
,,"Not found in Manual Org ID Link, Row 131 excluding blank cells.","Not found in Manual Org ID Link, Row 101 excluding blank cells.",,,
,,"Not found in Manual Org ID Link, Row 132 excluding blank cells.","Not found in Manual Org ID Link, Row 104 excluding blank cells.",,,
,,"Not found in Manual Org ID Link, Row 133 excluding blank cells.","Not found in Manual Org ID Link, Row 107 excluding blank cells.",,,
,,"Not found in Manual Org ID Link, Row 134 excluding blank cells.","Not found in Manual Org ID Link, Row 109 excluding blank cells.",,,
,,"Not found in Manual Org ID Link, Row 137 excluding blank cells.","Not found in Manual Org ID Link, Row 114 excluding blank cells.",,,
,,"Not found in Manual Org ID Link, Row 138 excluding blank cells.","Not found in Manual Org ID Link, Row 116 excluding blank cells.",,,
,,"Not found in Manual Org ID Link, Row 142 excluding blank cells.","Not found in Manual Org ID Link, Row 119 excluding blank cells.",,,
,,"Not found in Manual Org ID Link, Row 143 excluding blank cells.","Not found in Manual Org ID Link, Row 120 excluding blank cells.",,,
,,"Not found in Manual Org ID Link, Row 144 excluding blank cells.","Not found in Manual Org ID Link, Row 121 excluding blank cells.",,,
,,"Not found in Manual Org ID Link, Row 148 excluding blank cells.","Not found in Manual Org ID Link, Row 124 excluding blank cells.",,,
,,"Not found in Manual Org ID Link, Row 149 excluding blank cells.","Not found in Manual Org ID Link, Row 127 excluding blank cells.",,,
,,"Not found in Manual Org ID Link, Row 150 excluding blank cells.","Not found in Manual Org ID Link, Row 129 excluding blank cells.",,,
,,"Not found in Manual Org ID Link, Row 151 excluding blank cells.","Not found in Manual Org ID Link, Row 130 excluding blank cells.",,,
,,"Not found in Manual Org ID Link, Row 160 excluding blank cells.","Not found in Manual Org ID Link, Row 134 excluding blank cells.",,,
,,"Not found in Manual Org ID Link, Row 164 excluding blank cells.","Not found in Manual Org ID Link, Row 139 excluding blank cells.",,,
,,"Not found in Manual Org ID Link, Row 167 excluding blank cells.","Not found in Manual Org ID Link, Row 140 excluding blank cells.",,,
,,"Not found in Manual Org ID Link, Row 169 excluding blank cells.","Not found in Manual Org ID Link, Row 142 excluding blank cells.",,,
,,"Not found in Manual Org ID Link, Row 175 excluding blank cells.","Not found in Manual Org ID Link, Row 144 excluding blank cells.",,,
,,"Not found in Manual Org ID Link, Row 177 excluding blank cells.","Not found in Manual Org ID Link, Row 146 excluding blank cells.",,,
,,"Not found in Manual Org ID Link, Row 182 excluding blank cells.","Not found in Manual Org ID Link, Row 147 excluding blank cells.",,,
,,"Not found in Manual Org ID Link, Row 183 excluding blank cells.","Not found in Manual Org ID Link, Row 149 excluding blank cells.",,,
,,"Not found in Manual Org ID Link, Row 185 excluding blank cells.","Not found in Manual Org ID Link, Row 151 excluding blank cells.",,,
,,"Not found in Manual Org ID Link, Row 187 excluding blank cells.","Not found in Manual Org ID Link, Row 154 excluding blank cells.",,,
,,"Not found in Manual Org ID Link, Row 189 excluding blank cells.","Not found in Manual Org ID Link, Row 155 excluding blank cells.",,,
,,"Not found in Manual Org ID Link, Row 191 excluding blank cells.","Not found in Manual Org ID Link, Row 156 excluding blank cells.",,,
,,"Not found in Manual Org ID Link, Row 192 excluding blank cells.","Not found in Manual Org ID Link, Row 161 excluding blank cells.",,,
,,"Not found in Manual Org ID Link, Row 210 excluding blank cells.","Not found in Manual Org ID Link, Row 162 excluding blank cells.",,,
,,"Not found in Manual Org ID Link, Row 213 excluding blank cells.","Not found in Manual Org ID Link, Row 163 excluding blank cells.",,,
,,"Not found in Manual Org ID Link, Row 217 excluding blank cells.","Not found in Manual Org ID Link, Row 164 excluding blank cells.",,,
,,"Not found in Manual Org ID Link, Row 220 excluding blank cells.","Not found in Manual Org ID Link, Row 296 excluding blank cells.",,,
,,"Not found in Manual Org ID Link, Row 225 excluding blank cells.","Not found in Manual Org ID Link, Row 297 excluding blank cells.",,,
,,"Not found in Manual Org ID Link, Row 228 excluding blank cells.","Not found in Manual Org ID Link, Row 298 excluding blank cells.",,,
,,"Not found in Manual Org ID Link, Row 232 excluding blank cells.","Not found in Manual Org ID Link, Row 299 excluding blank cells.",,,
,,"Not found in Manual Org ID Link, Row 235 excluding blank cells.","Not found in Manual Org ID Link, Row 300 excluding blank cells.",,,
,,"Not found in Manual Org ID Link, Row 236 excluding blank cells.","Not found in Manual Org ID Link, Row 301 excluding blank cells.",,,
,,"Not found in Manual Org ID Link, Row 239 excluding blank cells.","Not found in Manual Org ID Link, Row 302 excluding blank cells.",,,
,,"Not found in Manual Org ID Link, Row 243 excluding blank cells.","Not found in Manual Org ID Link, Row 303 excluding blank cells.",,,
,,"Not found in Manual Org ID Link, Row 244 excluding blank cells.","Not found in Manual Org ID Link, Row 304 excluding blank cells.",,,
,,"Not found in Manual Org ID Link, Row 245 excluding blank cells.","Not found in Manual Org ID Link, Row 305 excluding blank cells.",,,
,,"Not found in Manual Org ID Link, Row 249 excluding blank cells.","Not found in Manual Org ID Link, Row 309 excluding blank cells.",,,
,,"Not found in Manual Org ID Link, Row 250 excluding blank cells.","Not found in Manual Org ID Link, Row 310 excluding blank cells.",,,
,,"Not found in Manual Org ID Link, Row 252 excluding blank cells.","Not found in Manual Org ID Link, Row 311 excluding blank cells.",,,
,,"Not found in Manual Org ID Link, Row 254 excluding blank cells.","Not found in Manual Org ID Link, Row 312 excluding blank cells.",,,
,,"Not found in Manual Org ID Link, Row 255 excluding blank cells.","Not found in Manual Org ID Link, Row 313 excluding blank cells.",,,
,,"Not found in Manual Org ID Link, Row 260 excluding blank cells.","Not found in Manual Org ID Link, Row 315 excluding blank cells.",,,
,,"Not found in Manual Org ID Link, Row 266 excluding blank cells.","Not found in Manual Org ID Link, Row 317 excluding blank cells.",,,
,,"Not found in Manual Org ID Link, Row 267 excluding blank cells.","Not found in Manual Org ID Link, Row 319 excluding blank cells.",,,
,,"Not found in Manual Org ID Link, Row 268 excluding blank cells.","Not found in Manual Org ID Link, Row 321 excluding blank cells.",,,
,,"Not found in Manual Org ID Link, Row 269 excluding blank cells.","Not found in Manual Org ID Link, Row 322 excluding blank cells.",,,
,,"Not found in Manual Org ID Link, Row 277 excluding blank cells.","Not found in Manual Org ID Link, Row 323 excluding blank cells.",,,
,,"Not found in Manual Org ID Link, Row 278 excluding blank cells.","Not found in Manual Org ID Link, Row 325 excluding blank cells.",,,
,,"Not found in Manual Org ID Link, Row 280 excluding blank cells.","Not found in Manual Org ID Link, Row 326 excluding blank cells.",,,
,,"Not found in Manual Org ID Link, Row 281 excluding blank cells.","Not found in Manual Org ID Link, Row 327 excluding blank cells.",,,
,,"Not found in Manual Org ID Link, Row 285 excluding blank cells.","Not found in Manual Org ID Link, Row 328 excluding blank cells.",,,
,,"Not found in Manual Org ID Link, Row 286 excluding blank cells.","Duplicated data in own list, Row 330 excluding blank cells.",,,
,,"Not found in Manual Org ID Link, Row 290 excluding blank cells.","Not found in Manual Org ID Link, Row 331 excluding blank cells.",,,
,,"Not found in Manual Org ID Link, Row 296 excluding blank cells.","Not found in Manual Org ID Link, Row 332 excluding blank cells.",,,
,,"Not found in Manual Org ID Link, Row 297 excluding blank cells.","Not found in Manual Org ID Link, Row 333 excluding blank cells.",,,
,,"Not found in Manual Org ID Link, Row 305 excluding blank cells.","Not found in Manual Org ID Link, Row 334 excluding blank cells.",,,
,,"Not found in Manual Org ID Link, Row 306 excluding blank cells.","Not found in Manual Org ID Link, Row 335 excluding blank cells.",,,
,,"Not found in Manual Org ID Link, Row 309 excluding blank cells.","Not found in Manual Org ID Link, Row 336 excluding blank cells.",,,
,,"Not found in Manual Org ID Link, Row 310 excluding blank cells.","Not found in Manual Org ID Link, Row 337 excluding blank cells.",,,
,,"Not found in Manual Org ID Link, Row 312 excluding blank cells.","Not found in Manual Org ID Link, Row 338 excluding blank cells.",,,
,,"Not found in Manual Org ID Link, Row 313 excluding blank cells.","Not found in Manual Org ID Link, Row 341 excluding blank cells.",,,
,,"Not found in Manual Org ID Link, Row 315 excluding blank cells.","Not found in Manual Org ID Link, Row 342 excluding blank cells.",,,
,,"Not found in Manual Org ID Link, Row 320 excluding blank cells.","Not found in Manual Org ID Link, Row 343 excluding blank cells.",,,
,,"Not found in Manual Org ID Link, Row 323 excluding blank cells.","Not found in Manual Org ID Link, Row 347 excluding blank cells.",,,
,,"Not found in Manual Org ID Link, Row 326 excluding blank cells.","Not found in Manual Org ID Link, Row 384 excluding blank cells.",,,
,,"Not found in Manual Org ID Link, Row 327 excluding blank cells.","Not found in Manual Org ID Link, Row 386 excluding blank cells.",,,
,,"Not found in Manual Org ID Link, Row 339 excluding blank cells.","Not found in Manual Org ID Link, Row 389 excluding blank cells.",,,
,,"Not found in Manual Org ID Link, Row 340 excluding blank cells.",,,,
,,"Not found in Manual Org ID Link, Row 349 excluding blank cells.",,,,
,,"Not found in Manual Org ID Link, Row 350 excluding blank cells.",,,,
,,"Not found in Manual Org ID Link, Row 353 excluding blank cells.",,,,
,,"Not found in Manual Org ID Link, Row 363 excluding blank cells.",,,,
,,"Not found in Manual Org ID Link, Row 365 excluding blank cells.",,,,
,,"Not found in Manual Org ID Link, Row 366 excluding blank cells.",,,,
,,"Not found in Manual Org ID Link, Row 373 excluding blank cells.",,,,
,,"Not found in Manual Org ID Link, Row 377 excluding blank cells.",,,,
,,"Not found in Manual Org ID Link, Row 384 excluding blank cells.",,,,
,,,,,,
,,,,,,
,,,,,,
,,,,,,
,,,,,,
,,,,,,
,,,,,,
,,,,,,
,,,,,,
,,,,,,
,,,,,,
,,,,,,
,,,,,,
,,,,,,
,,,,,,
,,,,,,
,,,,,,
,,,,,,
,,,,,,
,,,,,,
,,,,,,
,,,,,,
,,,,,,
,,,,,,
,,,,,,
,,,,,,
,,,,,,
,,,,,,
,,,,,,
,,,,,,
,,,,,,
,,,,,,
,,,,,,
,,,,,,
,,,,,,
,,,,,,
,,,,,,
,,,,,,
,,,,,,
,,,,,,
,,,,,,
,,,,,,
,,,,,,
,,,,,,
,,,,,,
,,,,,,
,,,,,,
,,,,,,
,,,,,,
,,,,,,
,,,,,,
,,,,,,
,,,,,,
,,,,,,
,,,,,,
,,,,,,
,,,,,,
,,,,,,
,,,,,,
,,,,,,
,,,,,,
,,,,,,
,,,,,,
,,,,,,
,,,,,,
,,,,,,
,,,,,,
,,,,,,
,,,,,,
,,,,,,
,,,,,,
,,,,,,
,,,,,,
,,,,,,
,,,,,,
,,,,,,
,,,,,,
,,,,,,
,,,,,,
,,,,,,
,,,,,,
,,,,,,
,,,,,,
,,,,,,
,,,,,,
,,,,,,
,,,,,,
,,,,,,
,,,,,,
,,,,,,
,,,,,,
,,,,,,
,,,,,,
,,,,,,
,,,,,,
,,,,,,
,,,,,,
,,,,,,
,,,,,,
,,,,,,
,,,,,,
,,,,,,
,,,,,,
,,,,,,
,,,,,,
,,,,,,
,,,,,,
,,,,,,
,,,,,,
,,,,,,
,,,,,,
,,,,,,
,,,,,,
,,,,,,
,,,,,,
,,,,,,
,,,,,,
,,,,,,
,,,,,,
,,,,,,
,,,,,,
,,,,,,
,,,,,,
,,,,,,
,,,,,,
,,,,,,
,,,,,,
,,,,,,
,,,,,,
,,,,,,
,,,,,,
,,,,,,
,,,,,,
,,,,,,
,,,,,,
,,,,,,
,,,,,,
,,,,,,
,,,,,,
,,,,,,
,,,,,,
,,,,,,
,,,,,,
,,,,,,
,,,,,,
,,,,,,
,,,,,,
,,,,,,
,,,,,,
,,,,,,
,,,,,,
,,,,,,
,,,,,,
,,,,,,
,,,,,,
,,,,,,
,,,,,,
,,,,,,
,,,,,,
,,,,,,
,,,,,,
,,,,,,
,,,,,,
,,,,,,
,,,,,,
,,,,,,
,,,,,,
,,,,,,
,,,,,,
,,,,,,
,,,,,,
,,,,,,
,,,,,,
,,,,,,
,,,,,,
,,,,,,
,,,,,,
,,,,,,
,,,,,,
,,,,,,
,,,,,,
,,,,,,
,,,,,,
,,,,,,
,,,,,,
,,,,,,
,,,,,,
,,,,,,
,,,,,,
,,,,,,
,,,,,,
,,,,,,
,,,,,,
,,,,,,
,,,,,,
,,,,,,
,,,,,,
,,,,,,
,,,,,,
,,,,,,
,,,,,,
,,,,,,
,,,,,,
,,,,,,
,,,,,,
,,,,,,
,,,,,,
,,,,,,
,,,,,,
,,,,,,
,,,,,,
,,,,,,
,,,,,,
,,,,,,
,,,,,,
,,,,,,
,,,,,,
,,,,,,
,,,,,,
,,,,,,
,,,,,,
,,,,,,
,,,,,,
,,,,,,
,,,,,,
,,,,,,
,,,,,,
,,,,,,
,,,,,,
,,,,,,
,,,,,,
,,,,,,
,,,,,,
,,,,,,
,,,,,,
,,,,,,
,,,,,,
,,,,,,
,,,,,,
,,,,,,
,,,,,,
,,,,,,
,,,,,,
,,,,,,
,,,,,,
,,,,,,
,,,,,,
,,,,,,
,,,,,,
,,,,,,
,,,,,,
,,,,,,
,,,,,,
,,,,,,
,,,,,,
,,,,,,
,,,,,,
,,,,,,
,,,,,,
,,,,,,
,,,,,,
,,,,,,
,,,,,,
,,,,,,
,,,,,,
,,,,,,
,,,,,,
,,,,,,
,,,,,,
,,,,,,
,,,,,,
,,,,,,
,,,,,,
,,,,,,
,,,,,,
,,,,,,
,,,,,,
,,,,,,
,,,,,,
,,,,,,
,,,,,,
,,,,,,
,,,,,,
,,,,,,
,,,,,,
,,,,,,
,,,,,,
,,,,,,
,,,,,,
